# doc = расшифровка_Роман.2.txt,,,,,,,,,,,,,,,,
# speaker = Роман,,,,,,,,,,,,,,,,
# sent = 2810,,,,,,,,,,,,,,,,
,У,У,PR,,,_У_ меня был билет,у,,,,,,PR,У,PR,У
,меня,Я,SPRO sg 1p - acc,,,У _меня_ был билет .,я,н,е,м,,,SPRO,Я,SPRO sg 1p - acc,Я
,был,БЫТЬ,V ipf tran act praet sg indic m -,,,У меня _был_ билет .,л,ы,б,,,,V,БЫТЬ,V ipf praet sg indic m -,Ь
,билет,БИЛЕТ,S m inan acc sg,,,У меня был _билет_ .,т,е,л,и,б,,S,БИЛЕТ,S m inan acc sg,Т
,.,.,PUNCT,,,,,,,,,,PUNCT,,,
,,,,,,,,,,,,,,,,
# sent = 2811,,,,,,,,,,,,,,,,
"<span class=""note"">",,,,,,,,,,,,,,,,
<note>,задумчиво смотрит в окно,,,,,,,,,,,,,,,
</span>,,,,,,,,,,,,,,,,
,Мне,Я,SPRO sg 1p - dat,,,задумчиво смотрит в окно  _Мне_ удалось урвать один,е,н,м,,,,SPRO,Я,SPRO sg 1p - dat,Я
,удалось,УДАТЬСЯ,V pf act praet sg indic n -,,,задумчиво смотрит в окно  Мне _удалось_ урвать один ...,ь,с,о,л,а,д,V,УДАТЬСЯ,V pf praet sg indic n -,Я
,урвать,УРВАТЬ,V pf - - inf - -,,,Мне удалось _урвать_ один ... но,ь,т,а,в,р,у,V,УРВАТЬ,V pf - - inf - -,Ь
,один,ОДИН,ANUM - acc sg plen m inan,,,Мне удалось урвать _один_ ... но по,н,и,д,о,,,ANUM,ОДИН,ANUM - acc sg plen m inan,Н
,...,...,PUNCT,,,,,,,,,,PUNCT,,,
,но,НО,CONJ,,,урвать один ... _но_ по билету проходить,о,н,,,,,CONJ,НО,CONJ,О
,по,ПО,PR,,,один ... но _по_ билету проходить слишком,о,п,,,,,PR,ПО,PR,О
,билету,БИЛЕТ,S m inan dat sg,,,... но по _билету_ проходить слишком скучно,у,т,е,л,и,б,S,БИЛЕТ,S m inan dat sg,Т
,проходить,ПРОХОДИТЬ,V ipf - - inf - -,,,"но по билету _проходить_ слишком скучно ,",ь,т,и,д,о,х,V,ПРОХОДИТЬ,V ipf - - inf - -,Ь
,слишком,СЛИШКОМ,ADV -,,,"по билету проходить _слишком_ скучно ,",м,о,к,ш,и,л,ADV,СЛИШКОМ,ADV -,М
,скучно,СКУЧНО,ADV -,,,"билету проходить слишком _скучно_ ,  када",о,н,ч,у,к,с,ADV,СКУЧНО,ADV -,О
,",",",",PUNCT,,,,,,,,,,PUNCT,,,
"<distinct form=""",,,,,,,,,,,,,,,,
<dist>,када,,,,,,,,,,,,,,,
">																
	когда	КОГДА	CONJ			 када  _когда_  ты молодой	а	д	г	о	к		ADV	КОГДА	ADV -	А
</distinct>																
	ты	ТЫ	SPRO sg 2p - nom			 когда  _ты_ молодой и хочешь	ы	т					SPRO	ТЫ	SPRO sg 2p - nom	Ы
	молодой	МОЛОДОЙ	A - nom sg plen m -			когда  ты _молодой_ и хочешь приключений	й	о	д	о	л	о	A	МОЛОДОЙ	A - nom sg plen m -	Й
	и	И	CONJ			 ты молодой _и_ хочешь приключений ,	и						CONJ	И	CONJ	И
	хочешь	ХОТЕТЬ	V ipf act praes sg indic - 2p			ты молодой и _хочешь_ приключений , ловишь	ь	ш	е	ч	о	х	V	ХОТЕТЬ	V ipf praes sg indic - 2p	Ь
	приключений	ПРИКЛЮЧЕНИЕ	S n inan gen pl			молодой и хочешь _приключений_ , ловишь периодически	й	и	н	е	ч	ю	S	ПРИКЛЮЧЕНИЕ	S n inan gen pl	Е
	,	,	PUNCT										PUNCT			
	ловишь	ЛОВИТЬ	V ipf act praes sg indic - 2p			хочешь приключений , _ловишь_ периодически уток 	ь	ш	и	в	о	л	V	ЛОВИТЬ	V ipf praes sg indic - 2p	Ь
	периодически	ПЕРИОДИЧЕСКИ	ADV -			приключений , ловишь _периодически_ уток  акцент на слове уток""",и,к,с,е,ч,и,ADV,ПЕРИОДИЧЕСКИ,ADV -,И,,,,,,
,уток,УТКА,S f anim gen pl,,,", ловишь периодически _уток_  акцент на слове ""уток""",к,о,т,у,,,S,УТКА,S f anim acc pl,А
"<span class=""note"">",,,,,,,,,,,,,,,,
<note>,"акцент на слове ""уток""",,,,,,,,,,,,,,,
</span>,,,,,,,,,,,,,,,,
,.,.,PUNCT,,,,,,,,,,PUNCT,,,
,,,,,,,,,,,,,,,,
# sent = 2812,,,,,,,,,,,,,,,,
,И,И,CONJ,,,.   _И_ полезли через забор,и,,,,,,CONJ,И,CONJ,И
,полезли,ПОЛЕЗТЬ,V pf act praet pl indic - -,,,И _полезли_ через забор,и,л,з,е,л,о,V,ПОЛЕЗТЬ,V pf praet pl indic - -,Ь
,через,ЧЕРЕЗ,PR,,,И полезли _через_ забор  мотает головой в сорону камеры,з,е,р,е,ч,,PR,ЧЕРЕЗ,PR,З
,забор,ЗАБОР,S m inan acc sg,,,И полезли через _забор_  мотает головой в сорону камеры,р,о,б,а,з,,S,ЗАБОР,S m inan acc sg,Р
"<span class=""note"">",,,,,,,,,,,,,,,,
<note>,мотает головой в сорону камеры,,,,,,,,,,,,,,,
</span>,,,,,,,,,,,,,,,,
,",",",",PUNCT,,,,,,,,,,PUNCT,,,
,прятались,ПРЯТАТЬСЯ,V ipf act praet pl indic - -,,,"мотает головой в сорону камеры  , _прятались_ от охранников ,",ь,с,и,л,а,т,V,ПРЯТАТЬСЯ,V ipf praet pl indic - -,Я
,от,ОТ,PR,,,", прятались _от_ охранников , было",т,о,,,,,PR,ОТ,PR,Т
,охранников,ОХРАННИК,S m anim acc pl,,,", прятались от _охранников_ , было хорошо",в,о,к,и,н,н,S,ОХРАННИК,S m anim acc pl,К
,",",",",PUNCT,,,,,,,,,,PUNCT,,,
,было,БЫТЬ,V ipf act praet sg indic n -,,,"от охранников , _было_ хорошо .",о,л,ы,б,,,V,БЫТЬ,V ipf praet sg indic n -,Ь
,хорошо,ХОРОШО,ADV -,,,"охранников , было _хорошо_ .",о,ш,о,р,о,х,ADV,ХОРОШО,ADV -,О
,.,.,PUNCT,,,,,,,,,,PUNCT,,,
,,,,,,,,,,,,,,,,
# sent = 2813,,,,,,,,,,,,,,,,
,Не,НЕ,PART,,,".   _Не_ всем , мне",е,н,,,,,PART,НЕ,PART,Е
,всем,ВСЕ,S - - dat pl,,,"Не _всем_ , мне -",м,е,с,в,,,S,ВСЕ,S - - dat pl,Е
,",",",",PUNCT,,,,,,,,,,PUNCT,,,
,мне,Я,SPRO sg 1p - dat,,,"Не всем , _мне_ - определённо да",е,н,м,,,,SPRO,Я,SPRO sg 1p - dat,Я
,-,-,PUNCT,,,,,,,,,,PUNCT,,,
,определённо,ОПРЕДЕЛЕННО,ADV -,,,", мне - _определённо_ да .",о,н,н,ё,л,е,ADV,ОПРЕДЕЛЕННО,ADV -,О
,да,ДА,PART,,,мне - определённо _да_ .,а,д,,,,,PART,ДА,PART,А
,.,.,PUNCT,,,,,,,,,,PUNCT,,,
,,,,,,,,,,,,,,,,
# sent = 2814,,,,,,,,,,,,,,,,
,Концерт,КОНЦЕРТ,S m inan nom sg,,,.   _Концерт_ показался сначала довольно,т,р,е,ц,н,о,S,КОНЦЕРТ,S m inan nom sg,Т
,показался,ПОКАЗАТЬСЯ,V pf act praet sg indic m -,,,Концерт _показался_ сначала довольно посредственным,я,с,л,а,з,а,V,ПОКАЗАТЬСЯ,V pf praet sg indic m -,Я
,сначала,СНАЧАЛА,ADV -,,,Концерт показался _сначала_ довольно посредственным .,а,л,а,ч,а,н,ADV,СНАЧАЛА,ADV -,А
,довольно,ДОВОЛЬНО,ADV -,,,Концерт показался сначала _довольно_ посредственным .,о,н,ь,л,о,в,ADV,ДОВОЛЬНО,ADV -,О
,посредственным,ПОСРЕДСТВЕННЫЙ,A - ins sg plen m -,,,показался сначала довольно _посредственным_ .,м,ы,н,н,е,в,A,ПОСРЕДСТВЕННЫЙ,A - ins sg plen m -,Й
,.,.,PUNCT,,,,,,,,,,PUNCT,,,
,,,,,,,,,,,,,,,,
# sent = 2815,,,,,,,,,,,,,,,,
,Ну,НУ,PART,,,".   _Ну_ , группа """,у,н,,,,,PART,НУ,PART,У
,",",",",PUNCT,,,,,,,,,,PUNCT,,,
,группа,ГРУППА,S f inan nom sg,,,"Ну , _группа_ "" Градусы """,а,п,п,у,р,г,S,ГРУППА,S f inan nom sg,А
,	,PUNCT,,,,,,,,,,PUNCT,,,,
,Градусы,ГРАДУС,S m inan nom pl,,,", группа "" _Градусы_ "" , она",ы,с,у,д,а,р,S,ГРАДУС,S m inan acc pl,С
,	,PUNCT,,,,,,,,,,PUNCT,,,,
,",",",",PUNCT,,,,,,,,,,PUNCT,,,
,она,ОНА,SPRO sg 3p f nom,,,"Градусы "" , _она_ на меня никогда",а,н,о,,,,SPRO,ОНА,SPRO sg 3p f nom,А
,на,НА,PR,,," , она _на_ меня никогда хорошего	а	н					PR	НА	PR	А
	меня	Я	SPRO sg 1p - acc			, она на _меня_ никогда хорошего впечатления	я	н	е	м			SPRO	Я	SPRO sg 1p - acc	Я
	никогда	НИКОГДА	ADV -			она на меня _никогда_ хорошего впечатления не	а	д	г	о	к	и	ADV	НИКОГДА	ADV -	А
	хорошего	ХОРОШИЙ	A - gen sg plen n -			на меня никогда _хорошего_ впечатления не производила	о	г	е	ш	о	р	A	ХОРОШИЙ	A - gen sg plen n -	Й
	впечатления	ВПЕЧАТЛЕНИЕ	S n inan gen sg			меня никогда хорошего _впечатления_ не производила ,	я	и	н	е	л	т	S	ВПЕЧАТЛЕНИЕ	S n inan gen sg	Е
	не	НЕ	PART			никогда хорошего впечатления _не_ производила , вчера	е	н					PART	НЕ	PART	Е
	производила	ПРОИЗВОДИТЬ	V ipf act praet sg indic f -			хорошего впечатления не _производила_ , вчера не	а	л	и	д	о	в	V	ПРОИЗВОДИТЬ	V ipf praet sg indic f -	Ь
	,	,	PUNCT										PUNCT			
	вчера	ВЧЕРА	ADV -			не производила , _вчера_ не произвела и	а	р	е	ч	в		ADV	ВЧЕРА	ADV -	А
	не	НЕ	PART			производила , вчера _не_ произвела и вряд ли	е	н					PART	НЕ	PART	Е
	произвела	ПРОИЗВЕСТИ	V pf act praet sg indic f -			, вчера не _произвела_ и вряд ли произведёт	а	л	е	в	з	и	V	ПРОИЗВЕСТИ	V pf praet sg indic f -	И
	и	И	CONJ			вчера не произвела _и_ вряд ли произведёт 	и						CONJ	И	CONJ	И
	вряд ли	вряд ли	ADV -			не произвела и _вряд ли_ произведёт  какда-либо	и	л	 	д	я	р	ADV	вряд ли	ADV -	и
	произведёт	ПРОИЗВЕСТИ	V pf act fut sg indic - 3p			произвела и вряд ли _произведёт_  какда-либо 	т	ё	д	е	в	з	V	ПРОИЗВЕСТИ	V pf fut sg indic - 3p	И
<distinct form=",,,,,,,,,,
<dist>,какда-либо,,,,,,,,,,,,,,,
">																
	когда-либо	КОГДА-ЛИБО	ADV -			 какда-либо  _когда-либо_  ещё .	о	б	и	л	-	а	ADV	КОГДА-ЛИБО	ADV -	О
</distinct>																
	ещё	ЕЩЕ	ADV -			 когда-либо  _ещё_ .  	ё	щ	е				ADV	ЕЩЕ	ADV -	Е
	.	.	PUNCT										PUNCT			
																
# sent = 2816																
	Было	БЫТЬ	V ipf act praet sg indic n -			.   _Было_  скушна 	о	л	ы	б			V	БЫТЬ	V ipf praet sg indic n -	Ь
<distinct form=",,,,,,,,,,,,,,,,
<dist>,скушна,,,,,,,,,,,,,,,
">																
	скучно	СКУЧНО	ADV -			 скушна  _скучно_  , сидел	о	н	ч	у	к	с	ADV	СКУЧНО	ADV -	О
</distinct>																
	,	,	PUNCT										PUNCT			
	сидел	СИДЕТЬ	V ipf act praet sg indic m -			скучно  , _сидел_ в телефончике ,	л	е	д	и	с		V	СИДЕТЬ	V ipf praet sg indic m -	Ь
	в	В	PR			 , сидел _в_ телефончике , стоял	в						PR	В	PR	В
	телефончике	ТЕЛЕФОНЧИК	S m inan loc sg			, сидел в _телефончике_ , стоял ,	е	к	и	ч	н	о	S	ТЕЛЕФОНЧИК	S m inan loc sg	К
	,	,	PUNCT										PUNCT			
	стоял	СТОЯТЬ	V ipf act praet sg indic m -			в телефончике , _стоял_ , точнее ,	л	я	о	т	с		V	СТОЯТЬ	V ipf praet sg indic m -	Ь
	,	,	PUNCT										PUNCT			
	точнее	ТОЧНО	ADV comp			, стоял , _точнее_ , в телефончике	е	е	н	ч	о	т	ADV	ТОЧНО	ADV comp	О
	,	,	PUNCT										PUNCT			
	в	В	PR			, точнее , _в_ телефончике и ...	в						PR	В	PR	В
	телефончике	ТЕЛЕФОНЧИК	S m inan loc sg			точнее , в _телефончике_ и ... ну	е	к	и	ч	н	о	S	ТЕЛЕФОНЧИК	S m inan loc sg	К
	и	И	CONJ			, в телефончике _и_ ... ну ,	и						CONJ	И	CONJ	И
	...	...	PUNCT										PUNCT			
	ну	НУ	PART			телефончике и ... _ну_ , о жизни	у	н					PART	НУ	PART	У
	,	,	PUNCT										PUNCT			
	о	О	PR			... ну , _о_ жизни думал наверно	о						PR	О	PR	О
	жизни	ЖИЗНЬ	S f inan loc sg			ну , о _жизни_ думал наверно .	и	н	з	и	ж		S	ЖИЗНЬ	S f inan loc sg	Ь
	думал	ДУМАТЬ	V ipf act praet sg indic m -			, о жизни _думал_ наверно . 	л	а	м	у	д		V	ДУМАТЬ	V ipf praet sg indic m -	Ь
	наверно	НАВЕРНО	PRAEDIC			о жизни думал _наверно_ .  	о	н	р	е	в	а	ADV	НАВЕРНО	ADV -	О
	.	.	PUNCT										PUNCT			
																
# sent = 2817																
	Потом	ПОТОМ	ADV -			.   _Потом_ группа  Градусы",м,о,т,о,п,,ADV,ПОТОМ,ADV -,М,,,,,,
,группа,ГРУППА,S f inan nom sg,,,"Потом _группа_ "" Градусы """,а,п,п,у,р,г,S,ГРУППА,S f inan nom sg,А
,	,PUNCT,,,,,,,,,,PUNCT,,,,
,Градусы,ГРАДУС,S m inan nom pl,,,"Потом группа "" _Градусы_ "" ушла ,",ы,с,у,д,а,р,S,ГРАДУС,S m inan acc pl,С
,	,PUNCT,,,,,,,,,,PUNCT,,,,
,ушла,УЙТИ,V pf act praet sg indic f -,,," Градусы  _ушла_ , я выдохнул",а,л,ш,у,,,V,УЙТИ,V pf praet sg indic f -,И
,",",",",PUNCT,,,,,,,,,,PUNCT,,,
,я,Я,SPRO sg 1p - nom,,," ушла , _я_ выдохнул с облегчением	я						SPRO	Я	SPRO sg 1p - nom	Я
	выдохнул	ВЫДОХНУТЬ	V pf act praet sg indic m -			ушла , я _выдохнул_ с облегчением 	л	у	н	х	о	д	V	ВЫДОХНУТЬ	V pf praet sg indic m -	Ь
	с	С	PR			, я выдохнул _с_ облегчением  смотрит куда-то в сорону	с						PR	С	PR	С
	облегчением	ОБЛЕГЧЕНИЕ	S n inan ins sg			я выдохнул с _облегчением_  смотрит куда-то в сорону 	м	е	и	н	е	ч	S	ОБЛЕГЧЕНИЕ	S n inan ins sg	Е
<span class=note"">",,,,,,,,,,
<note>,смотрит куда-то в сорону,,,,,,,,,,,,,,,
</span>,,,,,,,,,,,,,,,,
,.,.,PUNCT,,,,,,,,,,PUNCT,,,
,,,,,,,,,,,,,,,,
# sent = 2818,,,,,,,,,,,,,,,,
,Начались,НАЧАТЬСЯ,V pf act praet pl indic - -,,,.   _Начались_ какие-то ролики про,ь,с,и,л,а,ч,V,НАЧАТЬСЯ,V pf praet pl indic - -,Я
,какие-то,КАКОЙ-ТО,APRO - nom pl plen - -,,,"Начались _какие-то_ ролики про """,о,т,-,е,и,к,APRO,КАКОЙ-ТО,A - nom pl plen - -,О
,ролики,РОЛИК,S m inan nom pl,,,"Начались какие-то _ролики_ про "" День",и,к,и,л,о,р,S,РОЛИК,S m inan nom pl,К
,про,ПРО,PR,,,"Начались какие-то ролики _про_ "" День Вышки",о,р,п,,,,PR,ПРО,PR,О
,	,PUNCT,,,,,,,,,,PUNCT,,,,
,День,ДЕНЬ,S m inan nom sg,,,"ролики про "" _День_ Вышки """,ь,н,е,д,,,S,ДЕНЬ,S m inan nom sg,Ь
,Вышки,ВЫШКА,S f inan gen sg,,,"про "" День _Вышки_ ""  дветыщипитнацатова",и,к,ш,ы,в,,S,ВЫШКА,S f inan acc pl,А
,	,PUNCT,,,,,,,,,,PUNCT,,,,
"<distinct form=""",,,,,,,,,,,,,,,,
<dist>,дветыщипитнацатова,,,,,,,,,,,,,,,
">																
	2015	2015	NUM - - -			 дветыщипитнацатова  _2015_  года ,	5	1	0	2			NUM	2015	NUM - - -	5
</distinct>																
	года	ГОД	S m inan gen sg			 2015  _года_ , другие вещи	а	д	о	г			S	ГОД	S m inan gen sg	Д
	,	,	PUNCT										PUNCT			
	другие	ДРУГОЙ	A - nom pl plen - -			 года , _другие_ вещи - интересные	е	и	г	у	р	д	A	ДРУГОЙ	A - nom pl plen - -	Й
	вещи	ВЕЩЬ	S f inan nom pl			года , другие _вещи_ - интересные ,	и	щ	е	в			S	ВЕЩЬ	S f inan nom pl	Ь
	-	-	PUNCT										PUNCT			
	интересные	ИНТЕРЕСНЫЙ	A - nom pl plen - -			другие вещи - _интересные_ ,  широко раскрывает глаза	е	ы	н	с	е	р	A	ИНТЕРЕСНЫЙ	A - nom pl plen - -	Й
	,	,	PUNCT										PUNCT			
<span class=note"">",,,,,,,,,,,,,,,,
<note>,широко раскрывает глаза,,,,,,,,,,,,,,,
</span>,,,,,,,,,,,,,,,,
,не,НЕ,PART,,,"широко раскрывает глаза  _не_ очень интересные ,",е,н,,,,,PART,НЕ,PART,Е
,очень,ОЧЕНЬ,ADV -,,,"широко раскрывает глаза  не _очень_ интересные , разное",ь,н,е,ч,о,,ADV,ОЧЕНЬ,ADV -,Ь
,интересные,ИНТЕРЕСНЫЙ,A - nom pl plen - -,,,"не очень _интересные_ , разное было",е,ы,н,с,е,р,A,ИНТЕРЕСНЫЙ,A - nom pl plen - -,Й
,",",",",PUNCT,,,,,,,,,,PUNCT,,,
,разное,РАЗНЫЙ,A - nom sg plen n -,,,"очень интересные , _разное_ было .",е,о,н,з,а,р,A,РАЗНЫЙ,A - nom sg plen n -,Й
,было,БЫТЬ,V ipf act praet sg indic n -,,,"интересные , разное _было_ .",о,л,ы,б,,,V,БЫТЬ,V ipf praet sg indic n -,Ь
,.,.,PUNCT,,,,,,,,,,PUNCT,,,
,,,,,,,,,,,,,,,,
# sent = 2819,,,,,,,,,,,,,,,,
,Ну,НУ,PART,,,".   _Ну_ , начала толпа",у,н,,,,,PART,НУ,PART,У
,",",",",PUNCT,,,,,,,,,,PUNCT,,,
,начала,НАЧАЛО,V ipf act praet sgindic f-,,,"Ну , _начала_ толпа скандировать :",а,л,а,ч,а,н,S,НАЧАЛО,S n inan acc pl,О
,толпа,ТОЛПА,S f inan nom sg,,,"Ну , начала _толпа_ скандировать : """,а,п,л,о,т,,S,ТОЛПА,S f inan nom sg,А
,скандировать,СКАНДИРОВАТЬ,V ipf - - inf - -,,,", начала толпа _скандировать_ : "" Нойз",ь,т,а,в,о,р,V,СКАНДИРОВАТЬ,V ipf - - inf - -,Ь
,:,:,PUNCT,,,,,,,,,,PUNCT,,,
,	,PUNCT,,,,,,,,,,PUNCT,,,,
,Нойз,НОЙЗ,S m anim nom sg,,,"скандировать : "" _Нойз_ МС ! """,з,й,о,н,,,S,НОЙЗ,S m anim nom sg,З
,МС,МС,S m inan nom sg,,,": "" Нойз _МС_ ! """,с,м,,,,,S,МС,S f inan nom sg,С
,!,!,PUNCT,,,,,,,,,,PUNCT,,,
,	,PUNCT,,,,,,,,,,PUNCT,,,,
,,,,,,,,,,,,,,,,
# sent = 2820,,,,,,,,,,,,,,,,
"<span class=""note"">",,,,,,,,,,,,,,,,
<note>,имитирует звук толпы,,,,,,,,,,,,,,,
</span>,,,,,,,,,,,,,,,,
,И,И,CONJ,,,имитирует звук толпы  _И_ вышел  собсно,и,,,,,,CONJ,И,S - - nonflex -,И
,вышел,ВЫЙТИ,V pf act praet sg indic m -,,,имитирует звук толпы  И _вышел_  собсно,л,е,ш,ы,в,,V,ВЫЙТИ,V pf praet sg indic m -,И
"<distinct form=""",,,,,,,,,,,,,,,,
<dist>,собсно,,,,,,,,,,,,,,,
">																
	собственно	СОБСТВЕННО	ADV -			 собсно  _собственно_  Нойз МС	о	н	н	е	в	т	ADV	СОБСТВЕННО	ADV -	О
</distinct>																
	Нойз	НОЙЗ	S m anim nom sg			 собственно  _Нойз_ МС . 	з	й	о	н			S	НОЙЗ	S m anim nom sg	З
	МС	МС	S m inan nom sg			собственно  Нойз _МС_ .  	с	м					S	МС	S f inan nom sg	С
	.	.	PUNCT										PUNCT			
																
# sent = 2821																
<distinct form=",,,,,,,,,,,,,,,,
<dist>,Никда,,,,,,,,,,,,,,,
">																
	Никогда	НИКОГДА	ADV -			 Никда  _Никогда_  не слушал	а	д	г	о	к	и	ADV	НИКОГДА	ADV -	А
</distinct>																
	не	НЕ	PART			 Никогда  _не_ слушал этого человека	е	н					PART	НЕ	PART	Е
	слушал	СЛУШАТЬ	V ipf act praet sg indic m -			Никогда  не _слушал_ этого человека замечательного	л	а	ш	у	л	с	V	СЛУШАТЬ	V ipf praet sg indic m -	Ь
	этого	ЭТОТ	APRO - acc sg plen m anim			 не слушал _этого_ человека замечательного .	о	г	о	т	э		APRO	ЭТОТ	A - acc sg plen m anim	Т
	человека	ЧЕЛОВЕК	S m anim gen sg			не слушал этого _человека_ замечательного . 	а	к	е	в	о	л	S	ЧЕЛОВЕК	S m anim gen sg	К
	замечательного	ЗАМЕЧАТЕЛЬНЫЙ	A - acc sg plen m anim			слушал этого человека _замечательного_ .  	о	г	о	н	ь	л	A	ЗАМЕЧАТЕЛЬНЫЙ	A - acc sg plen m anim	Й
	.	.	PUNCT										PUNCT			
																
# sent = 2822																
	Слышал	СЛЫШАТЬ	V ipf act praet sg indic m -			.   _Слышал_  какда-та 	л	а	ш	ы	л	с	V	СЛЫШАТЬ	V ipf praet sg indic m -	Ь
<distinct form=",,,,,,,,,,,,,,,,
<dist>,какда-та,,,,,,,,,,,,,,,
">																
	когда-то	КОГДА-ТО	ADV -			 какда-та  _когда-то_  пару песен	о	т	-	а	д	г	ADV	КОГДА-ТО	ADV -	О
</distinct>																
	пару	ПАРА	S f inan acc sg			 когда-то  _пару_ песен , причём	у	р	а	п			S	ПАРА	S f inan acc sg	А
	песен	ПЕСНЯ	S f inan gen pl			когда-то  пару _песен_ , причём слышал	н	е	с	е	п		S	ПЕСНЯ	S f inan gen pl	Я
	,	,	PUNCT										PUNCT			
	причём	ПРИЧЕМ	CONJ			пару песен , _причём_ слышал очень часто	м	ё	ч	и	р	п	CONJ	ПРИЧЕМ	CONJ	М
	слышал	СЛЫШАТЬ	V ipf act praet sg indic m -			песен , причём _слышал_ очень часто и	л	а	ш	ы	л	с	V	СЛЫШАТЬ	V ipf praet sg indic m -	Ь
	очень	ОЧЕНЬ	ADV -			, причём слышал _очень_ часто и 	ь	н	е	ч	о		ADV	ОЧЕНЬ	ADV -	Ь
	часто	ЧАСТО	ADV -			причём слышал очень _часто_ и  даже	о	т	с	а	ч		ADV	ЧАСТО	ADV -	О
	и	И	CONJ			слышал очень часто _и_  даже знаю	и						CONJ	И	CONJ	И
<noindex>[нрзб]</noindex>																
	даже	ДАЖЕ	PART			часто и  _даже_ знаю их наизусть	е	ж	а	д			PART	ДАЖЕ	PART	Е
	знаю	ЗНАТЬ	V ipf act praes sg indic - 1p			и  даже _знаю_ их наизусть 	ю	а	н	з			V	ЗНАТЬ	V ipf praes sg indic - 1p	Ь
	их	ОНИ	SPRO pl - - acc			 даже знаю _их_ наизусть  смотрит вверх	х	и					SPRO	ОНИ	SPRO pl - - acc	И
	наизусть	НАИЗУСТЬ	ADV -			даже знаю их _наизусть_  смотрит вверх 	ь	т	с	у	з	и	ADV	НАИЗУСТЬ	ADV -	Ь
<span class=note"">",,,,,,,,,,,,,,,,
<note>,смотрит вверх,,,,,,,,,,,,,,,
</span>,,,,,,,,,,,,,,,,
,.,.,PUNCT,,,,,,,,,,PUNCT,,,
,,,,,,,,,,,,,,,,
# sent = 2823,,,,,,,,,,,,,,,,
,Ну,НУ,PART,,,".   _Ну_ , я узнал",у,н,,,,,PART,НУ,PART,У
,",",",",PUNCT,,,,,,,,,,PUNCT,,,
,я,Я,SPRO sg 1p - nom,,,"Ну , _я_ узнал очень важную",я,,,,,,SPRO,Я,SPRO sg 1p - nom,Я
,узнал,УЗНАТЬ,V pf act praet sg indic m -,,,"Ну , я _узнал_ очень важную вещь",л,а,н,з,у,,V,УЗНАТЬ,V pf praet sg indic m -,Ь
,очень,ОЧЕНЬ,ADV -,,,", я узнал _очень_ важную вещь :",ь,н,е,ч,о,,ADV,ОЧЕНЬ,ADV -,Ь
,важную,ВАЖНЫЙ,A - acc sg plen f -,,,я узнал очень _важную_ вещь : оказывается,ю,у,н,ж,а,в,A,ВАЖНЫЙ,A - acc sg plen f -,Й
,вещь,ВЕЩЬ,S f inan acc sg,,,"узнал очень важную _вещь_ : оказывается ,",ь,щ,е,в,,,S,ВЕЩЬ,S f inan acc sg,Ь
,:,:,PUNCT,,,,,,,,,,PUNCT,,,
,оказывается,ОКАЗЫВАТЬСЯ,V ipf praes sg indic - 3p,,,"важную вещь : _оказывается_ , Нойз МС",я,с,т,е,а,в,V,ОКАЗЫВАТЬСЯ,V ipf praes sg indic - 3p,Я
,",",",",PUNCT,,,,,,,,,,PUNCT,,,
,Нойз,НОЙЗ,S m anim nom sg,,,": оказывается , _Нойз_ МС делает не",з,й,о,н,,,S,НОЙЗ,S m anim nom sg,З
,МС,МС,S m inan nom sg,,,"оказывается , Нойз _МС_ делает не проклятый",с,м,,,,,S,МС,S f inan nom sg,С
,делает,ДЕЛАТЬ,V ipf act praes sg indic - 3p,,,", Нойз МС _делает_ не проклятый рэпчик",т,е,а,л,е,д,V,ДЕЛАТЬ,V ipf praes sg indic - 3p,Ь
,не,НЕ,PART,,,"Нойз МС делает _не_ проклятый рэпчик ,",е,н,,,,,PART,НЕ,PART,Е
,проклятый,ПРОКЛЯТЫЙ,A - nom sg plen m -,,,"МС делает не _проклятый_ рэпчик , а",й,ы,т,я,л,к,A,ПРОКЛЯТЫЙ,A - nom sg plen m -,Й
,рэпчик,РЭПЧИК,S m inan nom sg,,,"делает не проклятый _рэпчик_ , а настоящий",к,и,ч,п,э,р,S,РЭПЧИК,S m inan nom sg,К
,",",",",PUNCT,,,,,,,,,,PUNCT,,,
,а,А,CONJ,,,"проклятый рэпчик , _а_ настоящий  рок",а,,,,,,CONJ,А,CONJ,А
,настоящий,НАСТОЯЩИЙ,A - nom sg plen m -,,,"рэпчик , а _настоящий_  рок -",й,и,щ,я,о,т,A,НАСТОЯЩИЙ,A - nom sg plen m -,Й
"<distinct form=""",,,,,,,,,,,,,,,,
<dist>,рок,,,,,,,,,,,,,,,
<dist>,-,,,,,,,,,,,,,,,
<dist>,к,,,,,,,,,,,,,,,
">																
	рок	РОК	S m inan nom sg			- к  _рок_   показывает жест коза""",к,о,р,,,,S,РОК,S m inan nom sg,К,,,,,,
</distinct>,,,,,,,,,,,,,,,,
"<span class=""note"">",,,,,,,,,,,,,,,,
<note>,"показывает жест ""коза""",,,,,,,,,,,,,,,
</span>,,,,,,,,,,,,,,,,
,.,.,PUNCT,,,,,,,,,,PUNCT,,,
,,,,,,,,,,,,,,,,
# sent = 2824,,,,,,,,,,,,,,,,
,И,И,CONJ,,,".   _И_ , неожиданно для",и,,,,,,CONJ,И,CONJ,И
,",",",",PUNCT,,,,,,,,,,PUNCT,,,
,неожиданно,НЕОЖИДАННО,ADV -,,,"И , _неожиданно_ для себя ,",о,н,н,а,д,и,ADV,НЕОЖИДАННО,ADV -,О
,для,ДЛЯ,PR,,,"И , неожиданно _для_ себя , мне",я,л,д,,,,PR,ДЛЯ,PR,Я
,себя,СЕБЯ,SPRO - - - acc,,,", неожиданно для _себя_ , мне ...",я,б,е,с,,,SPRO,СЕБЯ,SPRO - - - acc,Я
,",",",",PUNCT,,,,,,,,,,PUNCT,,,
,мне,Я,SPRO sg 1p - dat,,,"для себя , _мне_ ... мне ,",е,н,м,,,,SPRO,Я,SPRO sg 1p - dat,Я
,...,...,PUNCT,,,,,,,,,,PUNCT,,,
,мне,Я,SPRO sg 1p - dat,,,", мне ... _мне_ , честно говоря",е,н,м,,,,SPRO,Я,SPRO sg 1p - dat,Я
,",",",",PUNCT,,,,,,,,,,PUNCT,,,
,честно,ЧЕСТНО,ADV -,,,"... мне , _честно_ говоря , чертовски",о,н,т,с,е,ч,ADV,ЧЕСТНО,ADV -,О
,говоря,ГОВОРИТЬ,V ipf praes - ger - -,,,"мне , честно _говоря_ , чертовски понравилось",я,р,о,в,о,г,V,ГОВОРИТЬ,V ipf praes - ger - -,Ь
,",",",",PUNCT,,,,,,,,,,PUNCT,,,
,чертовски,ЧЕРТОВСКИ,ADV -,,,"честно говоря , _чертовски_ понравилось .",и,к,с,в,о,т,ADV,ЧЕРТОВСКИ,ADV -,И
,понравилось,ПОНРАВИТЬСЯ,V pf act praet sg indic n -,,,"говоря , чертовски _понравилось_ .",ь,с,о,л,и,в,V,ПОНРАВИТЬСЯ,V pf praet sg indic n -,Я
,.,.,PUNCT,,,,,,,,,,PUNCT,,,
,,,,,,,,,,,,,,,,
# sent = 2825,,,,,,,,,,,,,,,,
,Я,Я,SPRO sg 1p - nom,,,.   _Я_ ... за концерт,я,,,,,,SPRO,Я,SPRO sg 1p - nom,Я
,...,...,PUNCT,,,,,,,,,,PUNCT,,,
,за,ЗА,PR,,,Я ... _за_ концерт этого самого,а,з,,,,,PR,ЗА,PR,А
,концерт,КОНЦЕРТ,S m inan acc sg,,,Я ... за _концерт_ этого самого Нойза,т,р,е,ц,н,о,S,КОНЦЕРТ,S m inan acc sg,Т
,этого,ЭТОТ,APRO - gen sg plen m -,,,... за концерт _этого_ самого Нойза МС,о,г,о,т,э,,APRO,ЭТОТ,A - gen sg plen m -,Т
,самого,САМЫЙ,A - gen sg plen m -,,,за концерт этого _самого_ Нойза МС убил,о,г,о,м,а,с,A,САМЫЙ,A - gen sg plen m -,Й
,Нойза,НОЙЗ,S m anim acc sg,,,концерт этого самого _Нойза_ МС убил голос,а,з,й,о,н,,S,НОЙЗ,S m anim acc sg,З
,МС,МС,S m inan acc sg,,,этого самого Нойза _МС_ убил голос и,с,м,,,,,S,МС,S f inan nom sg,С
,убил,УБИТЬ,V pf act praet sg indic m -,,,самого Нойза МС _убил_ голос и сбросил,л,и,б,у,,,V,УБИТЬ,V pf praet sg indic m -,Ь
,голос,ГОЛОС,S m inan acc sg,,,Нойза МС убил _голос_ и сбросил киллограмма,с,о,л,о,г,,S,ГОЛОС,S m inan nom sg,С
,и,И,CONJ,,,МС убил голос _и_ сбросил киллограмма два,и,,,,,,CONJ,И,CONJ,И
,сбросил,СБРОСИТЬ,V pf act praet sg indic m -,,,убил голос и _сбросил_ киллограмма два .,л,и,с,о,р,б,V,СБРОСИТЬ,V pf praet sg indic m -,Ь
,киллограмма,КИЛЛОГРАММА,S f inan acc sg,,,голос и сбросил _киллограмма_ два .,а,м,м,а,р,г,S,КИЛЛОГРАММА,S f inan acc sg,А
,два,ДВА,NUM acc m inan,,,и сбросил киллограмма _два_ .,а,в,д,,,,NUM,ДВА,NUM acc m inan,А
,.,.,PUNCT,,,,,,,,,,PUNCT,,,
,,,,,,,,,,,,,,,,
# sent = 2826,,,,,,,,,,,,,,,,
,Несмотря на,Несмотря на,PR,,,".   _Несмотря на_ то , что",а,н,,я,р,т,PR,Несмотря на,PR,а
,то,ТО,SPRO n - acc sg,,,"Несмотря на _то_ , что я",о,т,,,,,SPRO,ТО,S n inan acc sg,О
,",",",",PUNCT,,,,,,,,,,PUNCT,,,
,что,ЧТО,CONJ,,,"Несмотря на то , _что_ я не знал",о,т,ч,,,,CONJ,ЧТО,CONJ,О
,я,Я,SPRO sg 1p - nom,,,"то , что _я_ не знал слов",я,,,,,,SPRO,Я,SPRO sg 1p - nom,Я
,не,НЕ,PART,,,", что я _не_ знал слов ,",е,н,,,,,PART,НЕ,PART,Е
,знал,ЗНАТЬ,V ipf act praet sg indic m -,,,"что я не _знал_ слов , я",л,а,н,з,,,V,ЗНАТЬ,V ipf praet sg indic m -,Ь
,слов,СЛОВО,S n inan gen pl,,,"я не знал _слов_ , я",в,о,л,с,,,S,СЛОВО,S n inan gen pl,О
,",",",",PUNCT,,,,,,,,,,PUNCT,,,
,я,Я,SPRO sg 1p - nom,,,"знал слов , _я_  прктическь",я,,,,,,SPRO,Я,SPRO sg 1p - nom,Я
"<distinct form=""",,,,,,,,,,,,,,,,
<dist>,прктическь,,,,,,,,,,,,,,,
">																
	практически	ПРАКТИЧЕСКИ	ADV -			 прктическь  _практически_  сразу 	и	к	с	е	ч	и	ADV	ПРАКТИЧЕСКИ	ADV -	И
</distinct>																
	сразу	СРАЗУ	ADV -			 практически  _сразу_  спаминал 	у	з	а	р	с		ADV	СРАЗУ	ADV -	У
<distinct form=",,,,,,,,,,,,,,,,
<dist>,спаминал,,,,,,,,,,,,,,,
">																
	вспоминал	ВСПОМИНАТЬ	V ipf act praet sg indic m -			 спаминал  _вспоминал_  какие-нибудь припевы	л	а	н	и	м	о	V	ВСПОМИНАТЬ	V ipf praet sg indic m -	Ь
</distinct>																
	какие-нибудь	КАКОЙ-НИБУДЬ	APRO - acc pl plen - inan			 вспоминал  _какие-нибудь_ припевы и орал	ь	д	у	б	и	н	APRO	КАКОЙ-НИБУДЬ	A - acc pl plen - inan	Ь
	припевы	ПРИПЕВ	S m inan acc pl			вспоминал  какие-нибудь _припевы_ и орал ,	ы	в	е	п	и	р	S	ПРИПЕВ	S m inan acc pl	В
	и	И	CONJ			 какие-нибудь припевы _и_ орал , гм	и						CONJ	И	CONJ	И
	орал	ОРАТЬ	V ipf act praet sg indic m -			какие-нибудь припевы и _орал_ , гм .	л	а	р	о			V	ОРАТЬ	V ipf praet sg indic m -	Ь
	,	,	PUNCT										PUNCT			
	гм	ГМ	INTJ			и орал , _гм_ .  	м	г					INTJ	ГМ	INTJ	М
	.	.	PUNCT										PUNCT			
																
# sent = 2827																
	Ну	НУ	PART			.   _Ну_ , в общем	у	н					PART	НУ	PART	У
	,	,	PUNCT										PUNCT			
	в	В	PR			 Ну , _в_ общем , там	в						PR	В	PR	В
	общем	ОБЩИЙ	A - loc sg plen m -			Ну , в _общем_ , там было	м	е	щ	б	о		A	ОБЩИЙ	A - loc sg plen m -	Й
	,	,	PUNCT										PUNCT			
	там	ТАМ	ADV -			в общем , _там_ было очень хорошо	м	а	т				ADV	ТАМ	ADV -	М
	было	БЫТЬ	V ipf act praet sg indic n -			общем , там _было_ очень хорошо ,	о	л	ы	б			V	БЫТЬ	V ipf praet sg indic n -	Ь
	очень	ОЧЕНЬ	ADV -			, там было _очень_ хорошо , по	ь	н	е	ч	о		ADV	ОЧЕНЬ	ADV -	Ь
	хорошо	ХОРОШИЙ	A - - sg brev n -			там было очень _хорошо_ , по [	о	ш	о	р	о	х	A	ХОРОШИЙ	A - - sg brev n -	Й
	,	,	PUNCT										PUNCT			
	по	ПО	PR			очень хорошо , _по_ [ нрзб ]	о	п					PR	ПО	PR	О
	[	[	PUNCT										PUNCT			
	нрзб	НРЗБ	NONLEX			, по [ _нрзб_ ] крайней мере	б	з	р	н			NONLEX	НРЗБ	NONLEX	Б
	]	]	PUNCT										PUNCT			
	крайней	КРАЙНИЙ	A - dat sg plen f -			[ нрзб ] _крайней_ мере мне .	й	е	н	й	а	р	A	КРАЙНИЙ	A - dat sg plen f -	Й
	мере	МЕРА	S f inan dat sg			нрзб ] крайней _мере_ мне . 	е	р	е	м			S	МЕРА	S f inan dat sg	А
	мне	Я	SPRO sg 1p - dat			] крайней мере _мне_ .  	е	н	м				SPRO	Я	SPRO sg 1p - dat	Я
	.	.	PUNCT										PUNCT			
																
# sent = 2828																
	Не	НЕ	PART			.   _Не_ ожидал , что	е	н					PART	НЕ	PART	Е
	ожидал	ОЖИДАТЬ	V ipf act praet sg indic m -			  Не _ожидал_ , что мне	л	а	д	и	ж	о	V	ОЖИДАТЬ	V ipf praet sg indic m -	Ь
	,	,	PUNCT										PUNCT			
	что	ЧТО	CONJ			Не ожидал , _что_ мне так понравится	о	т	ч				CONJ	ЧТО	CONJ	О
	мне	Я	SPRO sg 1p - dat			ожидал , что _мне_ так понравится .	е	н	м				SPRO	Я	SPRO sg 1p - dat	Я
	так	ТАК	ADV -			, что мне _так_ понравится . 	к	а	т				ADV	ТАК	ADV -	К
	понравится	ПОНРАВИТЬСЯ	V pf act fut sg indic - 			что мне так _понравится_ .  	я	с	т	и	в	а	V	ПОНРАВИТЬСЯ	V pf fut sg indic - 3p	Я
	.	.	PUNCT										PUNCT			
																
# sent = 2829																
	Ну	НУ	PART			.   _Ну_ ещё он классно	у	н					PART	НУ	PART	У
	ещё	ЕЩЕ	ADV -			  Ну _ещё_ он классно читает	ё	щ	е				ADV	ЕЩЕ	ADV -	Е
	он	ОН	SPRO sg 3p m nom			 Ну ещё _он_ классно читает 	н	о					SPRO	ОН	SPRO sg 3p m nom	Н
	классно	КЛАССНО	ADV -			Ну ещё он _классно_ читает  .	о	н	с	с	а	л	ADV	КЛАССНО	ADV -	О
	читает	ЧИТАТЬ	V ipf act praes sg indic - 3p			ещё он классно _читает_  . 	т	е	а	т	и	ч	V	ЧИТАТЬ	V ipf praes sg indic - 3p	Ь
<noindex>[нрзб]</noindex>																
	.	.	PUNCT										PUNCT			
																
# sent = 2830																
# speaker = Я																
# sent = 2831																
	Эээ	ЭЭЭ	NONLEX			   _Эээ_ , Роман ,	э	э	э				NONLEX	ЭЭЭ	NONLEX	Э
	,	,	PUNCT										PUNCT			
	Роман	РОМАН	S m anim nom sg persn			 Эээ , _Роман_ , вы можете	н	а	м	о	р		S	РОМАН	S m inan nom sg	Н
	,	,	PUNCT										PUNCT			
	вы	ВЫ	SPRO pl 2p - nom			, Роман , _вы_ можете рассказать что-нибудь	ы	в					SPRO	ВЫ	SPRO pl 2p - nom	Ы
	можете	МОЧЬ	V ipf act praes pl indic - 2p			Роман , вы _можете_ рассказать что-нибудь 	е	т	е	ж	о	м	V	МОЧЬ	V ipf praes pl indic - 2p	Ь
	рассказать	РАССКАЗАТЬ	V pf - - inf - -			, вы можете _рассказать_ что-нибудь  кашель	ь	т	а	з	а	к	V	РАССКАЗАТЬ	V pf - - inf - -	Ь
	что-нибудь	ЧТО-НИБУДЬ	SPRO n inan acc sg			вы можете рассказать _что-нибудь_  кашель 	ь	д	у	б	и	н	SPRO	ЧТО-НИБУДЬ	S n - acc sg	Ь
<span class=note"">",,,,,,,,,,,,,,,,
<note>,кашель,,,,,,,,,,,,,,,
</span>,,,,,,,,,,,,,,,,
,про,ПРО,PR,,,"кашель  _про_ контингент , который",о,р,п,,,,PR,ПРО,PR,О
,контингент,КОНТИНГЕНТ,S m inan acc sg,,,"кашель  про _контингент_ , который присутствовал",т,н,е,г,н,и,S,КОНТИНГЕНТ,S m inan acc sg,Т
,",",",",PUNCT,,,,,,,,,,PUNCT,,,
,который,КОТОРЫЙ,APRO - nom sg plen m -,,,"про контингент , _который_ присутствовал на концерте",й,ы,р,о,т,о,APRO,КОТОРЫЙ,A - nom sg plen m -,Й
,присутствовал,ПРИСУТСТВОВАТЬ,V ipf act praet sg indic m -,,,"контингент , который _присутствовал_ на концерте и",л,а,в,о,в,т,V,ПРИСУТСТВОВАТЬ,V ipf praet sg indic m -,Ь
,на,НА,PR,,,", который присутствовал _на_ концерте и про",а,н,,,,,PR,НА,PR,А
,концерте,КОНЦЕРТ,S m inan loc sg,,,который присутствовал на _концерте_ и про ...,е,т,р,е,ц,н,S,КОНЦЕРТ,S m inan loc sg,Т
,и,И,CONJ,,,присутствовал на концерте _и_ про ... ооо,и,,,,,,CONJ,И,CONJ,И
,про,ПРО,PR,,,на концерте и _про_ ... ооо ...,о,р,п,,,,PR,ПРО,PR,О
,...,...,PUNCT,,,,,,,,,,PUNCT,,,
,ооо,ООО,INTJ,,,и про ... _ооо_ ... общую атмосферу,о,о,о,,,,INTJ,ООО,S m inan nonflex -,О
,...,...,PUNCT,,,,,,,,,,PUNCT,,,
,общую,ОБЩИЙ,A - acc sg plen f -,,,... ооо ... _общую_ атмосферу чуть побольше,ю,у,щ,б,о,,A,ОБЩИЙ,A - acc sg plen f -,Й
,атмосферу,АТМОСФЕРА,S f inan acc sg,,,ооо ... общую _атмосферу_ чуть побольше .,у,р,е,ф,с,о,S,АТМОСФЕРА,S f inan acc sg,А
,чуть,ЧУТЬ,ADV -,,,... общую атмосферу _чуть_ побольше .,ь,т,у,ч,,,ADV,ЧУТЬ,ADV -,Ь
,побольше,МНОГО,ADV comp,,,общую атмосферу чуть _побольше_ .,е,ш,ь,л,о,б,ADV,МНОГО,ADV comp,О
,.,.,PUNCT,,,,,,,,,,PUNCT,,,
,,,,,,,,,,,,,,,,
# sent = 2832,,,,,,,,,,,,,,,,
# speaker = Роман,,,,,,,,,,,,,,,,
# sent = 2833,,,,,,,,,,,,,,,,
,Общая,ОБЩИЙ,A - nom sg plen f -,,,_Общая_ атмосфера ?,я,а,щ,б,о,,A,ОБЩИЙ,A - nom sg plen f -,Й
,атмосфера,АТМОСФЕРА,S f inan nom sg,,,Общая _атмосфера_ ?,а,р,е,ф,с,о,S,АТМОСФЕРА,S f inan nom sg,А
,?,?,PUNCT,,,,,,,,,,PUNCT,,,
,,,,,,,,,,,,,,,,
# sent = 2834,,,,,,,,,,,,,,,,
,Счастливые,СЧАСТЛИВЫЙ,A - nom pl plen - -,,,?   _Счастливые_ люди  просты..,е,ы,в,и,л,т,A,СЧАСТЛИВЫЙ,A - nom pl plen - -,Й
,люди,ЧЕЛОВЕК,S m anim nom pl,,,Счастливые _люди_  просты.. и,и,д,ю,л,,,S,ЧЕЛОВЕК,S m anim nom pl,К
"<distinct form=""",,,,,,,,,,,,,,,,
<dist>,просты..,,,,,,,,,,,,,,,
<dist>,и,,,,,,,,,,,,,,,
">																
	просто	ПРОСТО	PART			просты.. и  _просто_  . 	о	т	с	о	р	п	PART	ПРОСТО	PART	О
</distinct>																
	.	.	PUNCT										PUNCT			
																
# sent = 2835																
	Ну	НУ	PART			.   _Ну_ , большинству нравилось	у	н					PART	НУ	PART	У
	,	,	PUNCT										PUNCT			
	большинству	БОЛЬШИНСТВО	S n inan dat sg			 Ну , _большинству_ нравилось , 	у	в	т	с	н	и	S	БОЛЬШИНСТВО	S n inan dat sg	О
	нравилось	НРАВИТЬСЯ	V ipf act praet sg indic n -			Ну , большинству _нравилось_ ,  ане	ь	с	о	л	и	в	V	НРАВИТЬСЯ	V ipf praet sg indic n -	Я
	,	,	PUNCT										PUNCT			
<distinct form=",,,,,,,,,,,,,,,,
<dist>,ане,,,,,,,,,,,,,,,
">																
	они	ОНИ	SPRO pl - - nom			 ане  _они_  все улыбались	и	н	о				SPRO	ОНИ	SPRO pl - - nom	И
</distinct>																
	все	ВСЕ	S - - nom pl			 они  _все_ улыбались , кричали	е	с	в				S	ВСЕ	S - - nom pl	Е
	улыбались	УЛЫБАТЬСЯ	V ipf act praet pl indic - -			они  все _улыбались_ , кричали ,	ь	с	и	л	а	б	V	УЛЫБАТЬСЯ	V ipf praet pl indic - -	Я
	,	,	PUNCT										PUNCT			
	кричали	КРИЧАТЬ	V ipf act praet pl indic - -			все улыбались , _кричали_ , пели ,	и	л	а	ч	и	р	V	КРИЧАТЬ	V ipf praet pl indic - -	Ь
	,	,	PUNCT										PUNCT			
	пели	ПЕТЬ	V ipf act praet pl indic - -			, кричали , _пели_ , орали ,	и	л	е	п			V	ПЕТЬ	V ipf praet pl indic - -	Ь
	,	,	PUNCT										PUNCT			
	орали	ОРАТЬ	V ipf act praet pl indic - -			, пели , _орали_ , так же как и	и	л	а	р	о		V	ОРАТЬ	V ipf praet pl indic - -	Ь
	,	,	PUNCT										PUNCT			
	так же как	так же как	CONJ			, орали , _так же как_ и я .	к	а	к	 	е	ж	CONJ	так же как	CONJ	к
	и	И	CONJ			орали , так же как _и_ я . 	и						CONJ	И	CONJ	И
	я	Я	SPRO sg 1p - nom			, так же как и _я_ .  	я						SPRO	Я	SPRO sg 1p - nom	Я
	.	.	PUNCT										PUNCT			
																
# sent = 2836																
<distinct form=",,,,,,,,,,,,,,,,
<dist>,Вопщемта,,,,,,,,,,,,,,,
">																
	В	В	PR			 Вопщемта  _В_ общем - то	в						PR	В	PR	В
	общем	ОБЩИЙ	A - loc sg plen m -			Вопщемта  В _общем_ - то 	м	е	щ	б	о		A	ОБЩИЙ	A - loc sg plen m -	Й
	-	-	PUNCT										PUNCT			
	то	ТО	PART			В общем - _то_  ... ааа	о	т					PART	ТО	NONLEX	О
</distinct>																
	...	...	PUNCT										PUNCT			
	ааа	ААА	INTJ			то  ... _ааа_ ... никакого 	а	а	а				INTJ	ААА	S m inan nonflex -	А
	...	...	PUNCT										PUNCT			
	никакого	НИКАКОЙ	APRO - gen sg plen n -			... ааа ... _никакого_  в сторону 	о	г	о	к	а	к	APRO	НИКАКОЙ	A - gen sg plen n -	Й
<span class=note"">",,,,,,,,,,,,,,,,
<note>,в сторону,,,,,,,,,,,,,,,
</span>,,,,,,,,,,,,,,,,
,...,...,PUNCT,,,,,,,,,,PUNCT,,,
,никакого,НИКАКОЙ,APRO - gen sg plen n -,,,в сторону  ... _никакого_ такого страшного агальства,о,г,о,к,а,к,APRO,НИКАКОЙ,A - gen sg plen n -,Й
,такого,ТАКОЙ,APRO - gen sg plen m -,,,... никакого _такого_ страшного агальства там,о,г,о,к,а,т,APRO,ТАКОЙ,A - gen sg plen m -,Й
,страшного,СТРАШНЫЙ,A - gen sg plen m -,,,... никакого такого _страшного_ агальства там не,о,г,о,н,ш,а,A,СТРАШНЫЙ,A - gen sg plen m -,Й
,агальства,АГАЛЬСТВО,S n inan gen sg,,,никакого такого страшного _агальства_ там не происходило,а,в,т,с,ь,л,S,АГАЛЬСТВО,S m inan gen sg,О
,там,ТАМ,ADV -,,,такого страшного агальства _там_ не происходило .,м,а,т,,,,ADV,ТАМ,ADV -,М
,не,НЕ,PART,,,страшного агальства там _не_ происходило .,е,н,,,,,PART,НЕ,PART,Е
,происходило,ПРОИСХОДИТЬ,V ipf act praet sg indic n -,,,агальства там не _происходило_ .,о,л,и,д,о,х,V,ПРОИСХОДИТЬ,V ipf praet sg indic n -,Ь
,.,.,PUNCT,,,,,,,,,,PUNCT,,,
,,,,,,,,,,,,,,,,
# sent = 2837,,,,,,,,,,,,,,,,
"<distinct form=""",,,,,,,,,,,,,,,,
<dist>,Ни,,,,,,,,,,,,,,,
">																
	мне	Я	SPRO sg 1p - dat			 Ни  _мне_  кажется ,	е	н	м				SPRO	Я	SPRO sg 1p - dat	Я
</distinct>																
	кажется	КАЗАТЬСЯ	V ipf act praes indic			 мне  _кажется_ , даже пьяных	я	с	т	е	ж	а	ADV	КАЖЕТСЯ	ADV -	Я
	,	,	PUNCT										PUNCT			
	даже	ДАЖЕ	PART			 кажется , _даже_ пьяных было не	е	ж	а	д			PART	ДАЖЕ	PART	Е
	пьяных	ПЬЯНЫЙ	A - acc pl plen - anim			кажется , даже _пьяных_ было не особенно	х	ы	н	я	ь	п	A	ПЬЯНЫЙ	A - acc pl plen - anim	Й
	было	БЫТЬ	V ipf act praet sg indic n -			, даже пьяных _было_ не особенно много	о	л	ы	б			V	БЫТЬ	V ipf praet sg indic n -	Ь
	не	НЕ	PART			даже пьяных было _не_ особенно много .	е	н					PART	НЕ	PART	Е
	особенно	ОСОБЕННО	ADV -			пьяных было не _особенно_ много . 	о	н	н	е	б	о	ADV	ОСОБЕННО	ADV -	О
	много	МНОГО	ADV -			было не особенно _много_ .  	о	г	о	н	м		ADV	МНОГО	ADV -	О
	.	.	PUNCT										PUNCT			
																
# sent = 2838																
	Я	Я	SPRO sg 1p - nom			.   _Я_ , по 	я						SPRO	Я	SPRO sg 1p - nom	Я
	,	,	PUNCT										PUNCT			
	по	ПО	PR			 Я , _по_  крайнимери 	о	п					PR	ПО	PR	О
<distinct form=",,,,,,,,,,,,,,,,
<dist>,крайнимери,,,,,,,,,,,,,,,
">																
	крайней	КРАЙНИЙ	A - dat sg plen f -			 крайнимери  _крайней_ мере  ,	й	е	н	й	а	р	A	КРАЙНИЙ	A - dat sg plen f -	Й
	мере	МЕРА	S f inan dat sg			крайнимери  крайней _мере_  , не	е	р	е	м			S	МЕРА	S f inan dat sg	А
</distinct>																
	,	,	PUNCT										PUNCT			
	не	НЕ	PART			мере  , _не_ заметил ни одного	е	н					PART	НЕ	PART	Е
	заметил	ЗАМЕТИТЬ	V pf act praet sg indic m -			 , не _заметил_ ни одного ,	л	и	т	е	м	а	V	ЗАМЕТИТЬ	V pf praet sg indic m -	Ь
	ни	НИ	PART			, не заметил _ни_ одного , но	и	н					PART	НИ	PART	И
	одного	ОДИН	ANUM - gen sg plen m -			не заметил ни _одного_ , но вот	о	г	о	н	д	о	ANUM	ОДИН	A - gen sg plen m -	Н
	,	,	PUNCT										PUNCT			
	но	НО	CONJ			ни одного , _но_ вот чтобы не	о	н					CONJ	НО	CONJ	О
	вот	ВОТ	PART			одного , но _вот_ чтобы не было	т	о	в				PART	ВОТ	PART	Т
	чтобы	ЧТОБЫ	CONJ			, но вот _чтобы_ не было 	ы	б	о	т	ч		CONJ	ЧТОБЫ	CONJ	Ы
	не	НЕ	PART			но вот чтобы _не_ было  нядново	е	н					PART	НЕ	PART	Е
	было	БЫТЬ	V ipf act praet sg indic n -			вот чтобы не _было_  нядново 	о	л	ы	б			V	БЫТЬ	V ipf praet sg indic n -	Ь
<distinct form=",,,,,,,,,,,,,,,,
<dist>,нядново,,,,,,,,,,,,,,,
">																
	ни	НИ	CONJ			 нядново  _ни_ одного  -	и	н					CONJ	НИ	CONJ	И
	одного	ОДИН	ANUM - gen sg plen m -			нядново  ни _одного_  - это	о	г	о	н	д	о	ANUM	ОДИН	A - gen sg plen m -	Н
</distinct>																
	-	-	PUNCT										PUNCT			
	это	ЭТО	SPRO n - nom sg			одного  - _это_ скорее невозможно .	о	т	э				SPRO	ЭТО	S n - nom sg	О
	скорее	СКОРО	ADV comp			 - это _скорее_ невозможно . 	е	е	р	о	к	с	ADV	СКОРО	ADV comp	О
	невозможно	НЕВОЗМОЖНО	ADV -			- это скорее _невозможно_ .  	о	н	ж	о	м	з	ADV	НЕВОЗМОЖНО	ADV -	О
	.	.	PUNCT										PUNCT			
																
# sent = 2839																
	Некоторым	НЕКОТОРЫЕ	S - - dat pl			.   _Некоторым_ было откровенно 	м	ы	р	о	т	о	S	НЕКОТОРЫЕ	S - - dat pl	Е
	было	БЫТЬ	V ipf act praet sg indic n -			  Некоторым _было_ откровенно  скучна	о	л	ы	б			V	БЫТЬ	V ipf praet sg indic n -	Ь
	откровенно	ОТКРОВЕННО	ADV -			 Некоторым было _откровенно_  скучна 	о	н	н	е	в	о	ADV	ОТКРОВЕННО	ADV -	О
<distinct form=",,,,,,,,,,,,,,,,
<dist>,скучна,,,,,,,,,,,,,,,
">																
	скучно	СКУЧНО	ADV -			 скучна  _скучно_  . 	о	н	ч	у	к	с	ADV	СКУЧНО	ADV -	О
</distinct>																
	.	.	PUNCT										PUNCT			
																
# sent = 2840																
	Охрана	ОХРАНА	S f inan nom sg			.   _Охрана_ всё время прессовала	а	н	а	р	х	о	S	ОХРАНА	S f inan nom sg	А
	всё	ВЕСЬ	APRO - nom pl plen - -			  Охрана _всё_ время прессовала кого-то	ё	с	в				APRO	ВЕСЬ	A - nom pl plen - -	Ь
	время	ВРЕМЯ	S n inan acc sg			 Охрана всё _время_ прессовала кого-то за	я	м	е	р	в		S	ВРЕМЯ	S n inan acc sg	Я
	прессовала	ПРЕССОВАТЬ	V ipf act praet sg indic f -			Охрана всё время _прессовала_ кого-то за то	а	л	а	в	о	с	V	ПРЕССОВАТЬ	V ipf praet sg indic f -	Ь
	кого-то	КТО-ТО	SPRO m - acc sg			всё время прессовала _кого-то_ за то ,	о	т	-	о	г	о	S	КТО-ТО	S m - acc sg	О
	за	ЗА	PR			время прессовала кого-то _за_ то , что	а	з					PR	ЗА	PR	А
	то	ТО	SPRO n - acc sg			прессовала кого-то за _то_ , что переле	о	т					SPRO	ТО	S n - acc sg	О
	,	,	PUNCT										PUNCT			
	что	ЧТО	CONJ			за то , _что_ переле  показывает жест - полукруг рукой	о	т	ч				CONJ	ЧТО	CONJ	О
	переле	ПЕРЕЛЬ	NONLEX			то , что _переле_  показывает жест - полукруг рукой 	е	л	е	р	е	п	S	ПЕРЕЛЬ	S m inan loc sg	Ь
<span class=note"">",,,,,,,,,,,,,,,,
<note>,показывает жест - полукруг рукой,,,,,,,,,,,,,,,
</span>,,,,,,,,,,,,,,,,
,...,...,PUNCT,,,,,,,,,,PUNCT,,,
,перелезали,ПЕРЕЛЕЗАТЬ,V ipf act praet pl indic - -,,,показывает жест - полукруг рукой  ... _перелезали_ через ограду .,и,л,а,з,е,л,V,ПЕРЕЛЕЗАТЬ,V ipf praet pl indic - -,Ь
,через,ЧЕРЕЗ,PR,,,... перелезали _через_ ограду .,з,е,р,е,ч,,PR,ЧЕРЕЗ,PR,З
,ограду,ОГРАДА,S f inan acc sg,,,... перелезали через _ограду_ .,у,д,а,р,г,о,S,ОГРАДА,S f inan acc sg,А
,.,.,PUNCT,,,,,,,,,,PUNCT,,,
,,,,,,,,,,,,,,,,
# sent = 2841,,,,,,,,,,,,,,,,
,Мне,Я,SPRO sg 1p - dat,,,.   _Мне_ это удалось сделать,е,н,м,,,,SPRO,Я,SPRO sg 1p - dat,Я
,это,ЭТО,SPRO n - nom sg,,,Мне _это_ удалось сделать безболезненно,о,т,э,,,,SPRO,ЭТО,S n - nom sg,О
,удалось,УДАТЬСЯ,V pf act praet sg indic n -,,,"Мне это _удалось_ сделать безболезненно ,",ь,с,о,л,а,д,V,УДАТЬСЯ,V pf praet sg indic n -,Я
,сделать,СДЕЛАТЬ,V pf - - inf - -,,,"Мне это удалось _сделать_ безболезненно ,",ь,т,а,л,е,д,V,СДЕЛАТЬ,V pf - - inf - -,Ь
,безболезненно,БЕЗБОЛЕЗНЕННО,ADV -,,,"это удалось сделать _безболезненно_ ,  кщастью",о,н,н,е,н,з,ADV,БЕЗБОЛЕЗНЕННО,ADV -,О
,",",",",PUNCT,,,,,,,,,,PUNCT,,,
"<distinct form=""",,,,,,,,,,,,,,,,
<dist>,кщастью,,,,,,,,,,,,,,,
">																
	к	К	PR			 кщастью  _к_ счастью  .	к						PR	К	PR	К
	счастью	СЧАСТЬЕ	S n inan dat sg			кщастью  к _счастью_  . 	ю	ь	т	с	а	ч	S	СЧАСТЬЕ	S n inan dat sg	Е
</distinct>																
	.	.	PUNCT										PUNCT			
																
# sent = 2842																
	Ну	НУ	PART			.   _Ну_ , в целом	у	н					PART	НУ	PART	У
	,	,	PUNCT										PUNCT			
	в	В	PR			 Ну , _в_ целом , атмосфера	в						PR	В	PR	В
	целом	ЦЕЛОЕ	S n inan loc sg			Ну , в _целом_ , атмосфера была	м	о	л	е	ц		S	ЦЕЛОЕ	S n inan loc sg	Е
	,	,	PUNCT										PUNCT			
	атмосфера	АТМОСФЕРА	S f inan nom sg			в целом , _атмосфера_ была максимально дружелюбная	а	р	е	ф	с	о	S	АТМОСФЕРА	S f inan nom sg	А
	была	БЫТЬ	V ipf act praet sg indic f -			целом , атмосфера _была_ максимально дружелюбная .	а	л	ы	б			V	БЫТЬ	V ipf praet sg indic f -	Ь
	максимально	МАКСИМАЛЬНО	ADV -			, атмосфера была _максимально_ дружелюбная . 	о	н	ь	л	а	м	ADV	МАКСИМАЛЬНО	ADV -	О
	дружелюбная	ДРУЖЕЛЮБНЫЙ	A - nom sg plen f -			атмосфера была максимально _дружелюбная_ .  	я	а	н	б	ю	л	A	ДРУЖЕЛЮБНЫЙ	A - nom sg plen f -	Й
	.	.	PUNCT										PUNCT			
																
# sent = 2843																
	Ну	НУ	PART			.   _Ну_ , концерт -	у	н					PART	НУ	PART	У
	,	,	PUNCT										PUNCT			
	концерт	КОНЦЕРТ	S m inan nom sg			 Ну , _концерт_ - это вообще	т	р	е	ц	н	о	S	КОНЦЕРТ	S m inan acc sg	Т
	-	-	PUNCT										PUNCT			
	это	ЭТО	SPRO n - nom sg			, концерт - _это_ вообще такая интимная	о	т	э				SPRO	ЭТО	S n - nom sg	О
	вообще	ВООБЩЕ	ADV -			концерт - это _вообще_ такая интимная вещь	е	щ	б	о	о	в	ADV	ВООБЩЕ	ADV -	Е
	такая	ТАКОЙ	APRO - nom sg plen f -			- это вообще _такая_ интимная вещь ,	я	а	к	а	т		APRO	ТАКОЙ	A - nom sg plen f -	Й
	интимная	ИНТИМНЫЙ	A - nom sg plen f -			это вообще такая _интимная_ вещь , люди	я	а	н	м	и	т	A	ИНТИМНЫЙ	A - nom sg plen f -	Й
	вещь	ВЕЩЬ	S f inan acc sg			вообще такая интимная _вещь_ , люди сливаются	ь	щ	е	в			S	ВЕЩЬ	S f inan nom sg	Ь
	,	,	PUNCT										PUNCT			
	люди	ЧЕЛОВЕК	S m anim nom pl			интимная вещь , _люди_ сливаются в что-то	и	д	ю	л			S	ЧЕЛОВЕК	S m anim nom pl	К
	сливаются	СЛИВАТЬСЯ	V ipf act praes pl indic - 3p			вещь , люди _сливаются_ в что-то одно	я	с	т	ю	а	в	V	СЛИВАТЬСЯ	V ipf praes pl indic - 3p	Я
	в	В	PR			, люди сливаются _в_ что-то одно ,	в						PR	В	PR	В
	что-то	ЧТО-ТО	SPRO n inan acc sg			люди сливаются в _что-то_ одно , такое	о	т	-	о	т	ч	SPRO	ЧТО-ТО	S n - acc sg	О
	одно	ОДИН	ANUM - nom sg plen n -			сливаются в что-то _одно_ , такое большое	о	н	д	о			ANUM	ОДИН	A - nom sg plen n -	Н
	,	,	PUNCT										PUNCT			
	такое	ТАКОЙ	APRO - nom sg plen n -			что-то одно , _такое_ большое , органическое	е	о	к	а	т		APRO	ТАКОЙ	A - nom sg plen n -	Й
	большое	БОЛЬШОЙ	A - nom sg plen n -			одно , такое _большое_ , органическое и	е	о	ш	ь	л	о	A	БОЛЬШОЙ	A - nom sg plen n -	Й
	,	,	PUNCT										PUNCT			
	органическое	ОРГАНИЧЕСКИЙ	A - nom sg plen n -			такое большое , _органическое_ и духовное .	е	о	к	с	е	ч	A	ОРГАНИЧЕСКИЙ	A - nom sg plen n -	Й
	и	И	CONJ			большое , органическое _и_ духовное . 	и						CONJ	И	CONJ	И
	духовное	ДУХОВНЫЙ	A - nom sg plen n -			, органическое и _духовное_ .  	е	о	н	в	о	х	A	ДУХОВНЫЙ	A - nom sg plen n -	Й
	.	.	PUNCT										PUNCT			
																
# sent = 2844																
	Хорошая	ХОРОШИЙ	A - nom sg plen f -			.   _Хорошая_ была атмосфера ,	я	а	ш	о	р	о	A	ХОРОШИЙ	A - nom sg plen f -	Й
	была	БЫТЬ	V ipf act praet sg indic f -			  Хорошая _была_ атмосфера , дружелюбная	а	л	ы	б			V	БЫТЬ	V ipf praet sg indic f -	Ь
	атмосфера	АТМОСФЕРА	S f inan nom sg			 Хорошая была _атмосфера_ , дружелюбная .	а	р	е	ф	с	о	S	АТМОСФЕРА	S f inan nom sg	А
	,	,	PUNCT										PUNCT			
	дружелюбная	ДРУЖЕЛЮБНЫЙ	A - nom sg plen f -			была атмосфера , _дружелюбная_ .  	я	а	н	б	ю	л	A	ДРУЖЕЛЮБНЫЙ	A - nom sg plen f -	Й
	.	.	PUNCT										PUNCT			
																
# sent = 2845																
# speaker = Я																
# sent = 2846																
	Ооо	ООО	NONLEX			   _Ооо_ ...  	о	о	о				INTJ	ООО	S n inan nonflex -	О
	...	...	PUNCT										PUNCT			
																
# sent = 2847																
	Прекрасно	ПРЕКРАСНО	ADV -			...   _Прекрасно_ .  	о	н	с	а	р	к	ADV	ПРЕКРАСНО	ADV -	О
	.	.	PUNCT										PUNCT			
																
# sent = 2848																
	Можете	МОЧЬ	V ipf act praes pl indic - 2p			.   _Можете_ вкратце рассказать про	е	т	е	ж	о	м	V	МОЧЬ	V ipf praes pl indic - 2p	Ь
	вкратце	ВКРАТЦЕ	ADV -			  Можете _вкратце_ рассказать про 	е	ц	т	а	р	к	ADV	ВКРАТЦЕ	ADV -	Е
	рассказать	РАССКАЗАТЬ	V pf - - inf - -			 Можете вкратце _рассказать_ про  имьна	ь	т	а	з	а	к	V	РАССКАЗАТЬ	V pf - - inf - -	Ь
	про	ПРО	PR			Можете вкратце рассказать _про_  имьна 	о	р	п				PR	ПРО	PR	О
<distinct form=",,,,,,,,,,,,,,,,
<dist>,имьна,,,,,,,,,,,,,,,
">																
	именно	ИМЕННО	PART			 имьна  _именно_  сам ",о,н,н,е,м,и,PART,ИМЕННО,PART,О,,,,,,
</distinct>,,,,,,,,,,,,,,,,
,сам,САМ,A - nom sg plen m -,,,"именно  _сам_ "" День Вышки",м,а,с,,,,A,САМ,A - nom sg plen m -,М
,	,PUNCT,,,,,,,,,,PUNCT,,,,
,День,ДЕНЬ,S m inan acc sg,,,"сам "" _День_ Вышки "" и",ь,н,е,д,,,S,ДЕНЬ,S m inan nom sg,Ь
,Вышки,ВЫШКА,S f inan gen sg,,,"сам "" День _Вышки_ "" и что",и,к,ш,ы,в,,S,ВЫШКА,S f inan acc pl,А
,	,PUNCT,,,,,,,,,,PUNCT,,,,
,и,И,CONJ,,,"День Вышки "" _и_ что там было",и,,,,,,CONJ,И,CONJ,И
,что,ЧТО,CONJ,,,"Вышки "" и _что_ там было помимо",о,т,ч,,,,CONJ,ЧТО,CONJ,О
,там,ТАМ,ADV -,,," и что _там_ было помимо концерта	м	а	т				ADV	ТАМ	ADV -	М
	было	БЫТЬ	V ipf act praet sg indic n -			и что там _было_ помимо концерта ?	о	л	ы	б			V	БЫТЬ	V ipf praet sg indic n -	Ь
	помимо	ПОМИМО	PR			что там было _помимо_ концерта ? 	о	м	и	м	о	п	PR	ПОМИМО	PR	О
	концерта	КОНЦЕРТ	S m inan gen sg			там было помимо _концерта_ ?  	а	т	р	е	ц	н	S	КОНЦЕРТ	S m inan gen sg	Т
	?	?	PUNCT										PUNCT			
																
# sent = 2849																
# speaker = Роман																
# sent = 2850																
<span class=note"">",,,,,,,,,,
<note>,смеётся,,,,,,,,,,,,,,,
</span>,,,,,,,,,,,,,,,,
,Честно,ЧЕСТНО,ADV -,,,смеётся  _Честно_  гваря,о,н,т,с,е,ч,ADV,ЧЕСТНО,ADV -,О
"<distinct form=""",,,,,,,,,,,,,,,,
<dist>,гваря,,,,,,,,,,,,,,,
">																
	говоря	ГОВОРИТЬ	V ipf praes - ger - -			 гваря  _говоря_  , я	я	р	о	в	о	г	V	ГОВОРИТЬ	V ipf praes - ger - -	Ь
</distinct>																
	,	,	PUNCT										PUNCT			
	я	Я	SPRO sg 1p - nom			говоря  , _я_ не  резко поворачивает голову	я						SPRO	Я	SPRO sg 1p - nom	Я
	не	НЕ	PART			 , я _не_  резко поворачивает голову 	е	н					PART	НЕ	PART	Е
<span class=note"">",,,,,,,,,,,,,,,,
<note>,резко поворачивает голову,,,,,,,,,,,,,,,
</span>,,,,,,,,,,,,,,,,
,занимался,ЗАНИМАТЬСЯ,V ipf act praet sg indic m -,,,"резко поворачивает голову  _занимался_ на "" День",я,с,л,а,м,и,V,ЗАНИМАТЬСЯ,V ipf praet sg indic m -,Я
,на,НА,PR,,,"резко поворачивает голову  занимался _на_ "" День Вышки",а,н,,,,,PR,НА,PR,А
,	,PUNCT,,,,,,,,,,PUNCT,,,,
,День,ДЕНЬ,S m inan acc sg,,,"занимался на "" _День_ Вышки "" ничем",ь,н,е,д,,,S,ДЕНЬ,S m inan nom sg,Ь
,Вышки,ВЫШКА,S f inan gen sg,,,"на "" День _Вышки_ "" ничем особенным",и,к,ш,ы,в,,S,ВЫШКА,S f inan acc pl,А
,	,PUNCT,,,,,,,,,,PUNCT,,,,
,ничем,НИЧТО,SPRO n inan ins sg,,,"День Вышки "" _ничем_ особенным .",м,е,ч,и,н,,SPRO,НИЧТО,S n - ins sg,О
,особенным,ОСОБЕННЫЙ,A - ins sg plen n -,,,"Вышки "" ничем _особенным_ .",м,ы,н,н,е,б,A,ОСОБЕННЫЙ,A - ins sg plen n -,Й
,.,.,PUNCT,,,,,,,,,,PUNCT,,,
,,,,,,,,,,,,,,,,
# sent = 2851,,,,,,,,,,,,,,,,
,Я,Я,SPRO sg 1p - nom,,,.   _Я_ хотел  диствительна,я,,,,,,SPRO,Я,SPRO sg 1p - nom,Я
,хотел,ХОТЕТЬ,V ipf act praet sg indic m -,,,Я _хотел_  диствительна,л,е,т,о,х,,V,ХОТЕТЬ,V ipf praet sg indic m -,Ь
"<distinct form=""",,,,,,,,,,,,,,,,
<dist>,диствительна,,,,,,,,,,,,,,,
">																
	действительно	ДЕЙСТВИТЕЛЬНО	ADV -			 диствительна  _действительно_  принять участие	о	н	ь	л	е	т	ADV	ДЕЙСТВИТЕЛЬНО	ADV -	О
</distinct>																
	принять	ПРИНЯТЬ	V pf - - inf - -			 действительно  _принять_ участие в 	ь	т	я	н	и	р	V	ПРИНЯТЬ	V pf - - inf - -	Ь
	участие	УЧАСТИЕ	S n inan acc sg			действительно  принять _участие_ в  нектрых	е	и	т	с	а	ч	S	УЧАСТИЕ	S n inan acc sg	Е
	в	В	PR			 принять участие _в_  нектрых 	в						PR	В	PR	В
<distinct form=",,,,,,,,,,,,,,,,
<dist>,нектрых,,,,,,,,,,,,,,,
">																
	некоторых	НЕКОТОРЫЙ	APRO - gen pl plen - -			 нектрых  _некоторых_  мероприятиях ,	х	ы	р	о	т	о	APRO	НЕКОТОРЫЙ	A - gen pl plen - -	Й
</distinct>																
	мероприятиях	МЕРОПРИЯТИЕ	S n inan loc pl			 некоторых  _мероприятиях_ , но ,	х	я	и	т	я	и	S	МЕРОПРИЯТИЕ	S n inan loc pl	Е
	,	,	PUNCT										PUNCT			
	но	НО	CONJ			 мероприятиях , _но_ , к сожалению	о	н					CONJ	НО	CONJ	О
	,	,	PUNCT										PUNCT			
	к	К	PR			, но , _к_ сожалению , всё	к						PR	К	PR	К
	сожалению	СОЖАЛЕНИЕ	S n inan dat sg			но , к _сожалению_ , всё моё	ю	и	н	е	л	а	S	СОЖАЛЕНИЕ	S n inan dat sg	Е
	,	,	PUNCT										PUNCT			
	всё	ВЕСЬ	APRO - nom pl plen - -			к сожалению , _всё_ моё время ушло	ё	с	в				APRO	ВЕСЬ	A - nom pl plen - -	Ь
	моё	МОЙ	APRO - nom sg plen n -			сожалению , всё _моё_ время ушло на	ё	о	м				APRO	МОЙ	A - nom sg plen n -	Й
	время	ВРЕМЯ	S n inan acc sg			, всё моё _время_ ушло на ловлю	я	м	е	р	в		S	ВРЕМЯ	S n inan acc sg	Я
	ушло	УЙТИ	V pf act praet sg indic n -			всё моё время _ушло_ на ловлю уток	о	л	ш	у			V	УЙТИ	V pf praet sg indic n -	И
	на	НА	PR			моё время ушло _на_ ловлю уток .	а	н					PR	НА	PR	А
	ловлю	ЛОВЛЯ	S f inan acc sg			время ушло на _ловлю_ уток . 	ю	л	в	о	л		V	ЛОВИТЬ	V ipf praes sg indic - 1p	Я
	уток	УТКА	S f anim acc pl			ушло на ловлю _уток_ .  	к	о	т	у			S	УТКА	S f anim acc pl	А
	.	.	PUNCT										PUNCT			
																
# sent = 2852																
	Не	НЕ	PART			.   _Не_ хотелось  па	е	н					PART	НЕ	PART	Е
	хотелось	ХОТЕТЬСЯ	V ipf med praet sg indic n -			  Не _хотелось_  па 	ь	с	о	л	е	т	V	ХОТЕТЬСЯ	V ipf praet sg indic n -	Я
<distinct form=",,,,,,,,,,,,,,,,
<dist>,па,,,,,,,,,,,,,,,
">																
	бы	БЫ	PART			 па  _бы_  вдаваться в	ы	б					PART	БЫ	PART	Ы
</distinct>																
	вдаваться	ВДАВАТЬСЯ	V ipf - - inf - -			 бы  _вдаваться_ в подробности .	я	с	ь	т	а	в	V	ВДАВАТЬСЯ	V ipf - - inf - -	Я
	в	В	PR			бы  вдаваться _в_ подробности . 	в						PR	В	PR	В
	подробности	ПОДРОБНОСТЬ	S f inan acc pl			 вдаваться в _подробности_ .  	и	т	с	о	н	б	S	ПОДРОБНОСТЬ	S f inan acc pl	Ь
	.	.	PUNCT										PUNCT			
																
# sent = 2853																
	Но	НО	CONJ			.   _Но_ , к сожалению	о	н					CONJ	НО	CONJ	О
	,	,	PUNCT										PUNCT			
	к	К	PR			 Но , _к_ сожалению , я	к						PR	К	PR	К
	сожалению	СОЖАЛЕНИЕ	S n inan dat sg			Но , к _сожалению_ , я не	ю	и	н	е	л	а	S	СОЖАЛЕНИЕ	S n inan dat sg	Е
	,	,	PUNCT										PUNCT			
	я	Я	SPRO sg 1p - nom			к сожалению , _я_ не тот 	я						SPRO	Я	SPRO sg 1p - nom	Я
	не	НЕ	PART			сожалению , я _не_ тот  члоэк	е	н					PART	НЕ	PART	Е
	тот	ТОТ	APRO - nom sg plen m -			, я не _тот_  члоэк 	т	о	т				APRO	ТОТ	A - nom sg plen m -	Т
<distinct form=",,,,,,,,,,,,,,,,
<dist>,члоэк,,,,,,,,,,,,,,,
">																
	человек	ЧЕЛОВЕК	S m anim nom sg			 члоэк  _человек_  , 	к	е	в	о	л	е	S	ЧЕЛОВЕК	S m anim gen pl	К
</distinct>																
	,	,	PUNCT										PUNCT			
<distinct form=",,,,,,,,,,,,,,,,
<dist>,кторый,,,,,,,,,,,,,,,
">																
	который	КОТОРЫЙ	APRO - nom sg plen m -			 кторый  _который_  мог бы	й	ы	р	о	т	о	APRO	КОТОРЫЙ	A - nom sg plen m -	Й
</distinct>																
	мог	МОЧЬ	V ipf act praet sg indic m -			 который  _мог_ бы  о	г	о	м				V	МОЧЬ	V ipf praet sg indic m -	Ь
	бы	БЫ	PART			который  мог _бы_  о ",ы,б,,,,,PART,БЫ,PART,Ы,,,,,,
<noindex>[нрзб]</noindex>,,,,,,,,,,,,,,,,
,о,О,PR,,,"мог бы  _о_ "" Дне Вышки",о,,,,,,PR,О,PR,О
,	,PUNCT,,,,,,,,,,PUNCT,,,,
,Дне,ДЕНЬ,S m inan loc sg,,,"о "" _Дне_ Вышки "" рассказать",е,н,д,,,,S,ДЕНЬ,S m inan gen sg,Ь
,Вышки,ВЫШКА,S f inan gen sg,,,"о "" Дне _Вышки_ "" рассказать что-то",и,к,ш,ы,в,,S,ВЫШКА,S f inan acc pl,А
,	,PUNCT,,,,,,,,,,PUNCT,,,,
,рассказать,РАССКАЗАТЬ,V pf - - inf - -,,,"Дне Вышки "" _рассказать_ что-то действительно",ь,т,а,з,а,к,V,РАССКАЗАТЬ,V pf - - inf - -,Ь
,что-то,ЧТО-ТО,SPRO n inan acc sg,,,"Вышки "" рассказать _что-то_ действительно  стоюще",о,т,-,о,т,ч,SPRO,ЧТО-ТО,S n - acc sg,О
,действительно,ДЕЙСТВИТЕЛЬНО,ADV -,,," рассказать что-то _действительно_  стоюще 	о	н	ь	л	е	т	ADV	ДЕЙСТВИТЕЛЬНО	ADV -	О
<distinct form=",,,,,,,,,,
<dist>,стоюще,,,,,,,,,,,,,,,
">																
	стоящее	СТОЯТЬ	PARTCP ipf inpraes acc sg plen n act -			 стоюще  _стоящее_  , 	е	е	щ	я	о	т	PARTCP	СТОЯТЬ	PARTCP ipf inpraes acc sg plen n act -	Ь
</distinct>																
	,	,	PUNCT										PUNCT			
<distinct form=",,,,,,,,,,,,,,,,
<dist>,тчнее,,,,,,,,,,,,,,,
">																
	точнее	ТОЧНО	ADV comp			 тчнее  _точнее_   стоюще	е	е	н	ч	о	т	ADV	ТОЧНО	ADV comp	О
</distinct>																
<distinct form=",,,,,,,,,,,,,,,,
<dist>,стоюще,,,,,,,,,,,,,,,
">																
	стоящее	СТОЯТЬ	PARTCP ipf inpraes acc sg plen n act -			 стоюще  _стоящее_  я могу	е	е	щ	я	о	т	PARTCP	СТОЯТЬ	PARTCP ipf inpraes acc sg plen n act -	Ь
</distinct>																
	я	Я	SPRO sg 1p - nom			 стоящее  _я_ могу рассказать ,	я						SPRO	Я	SPRO sg 1p - nom	Я
	могу	МОЧЬ	V ipf act praes sg indic - 1p			стоящее  я _могу_ рассказать , но	у	г	о	м			V	МОЧЬ	V ipf praes sg indic - 1p	Ь
	рассказать	РАССКАЗАТЬ	V pf - - inf - -			 я могу _рассказать_ , но -	ь	т	а	з	а	к	V	РАССКАЗАТЬ	V pf - - inf - -	Ь
	,	,	PUNCT										PUNCT			
	но	НО	CONJ			могу рассказать , _но_ - о это	о	н					CONJ	НО	CONJ	О
	-	-	PUNCT										PUNCT			
	о	О	PR			, но - _о_ это будет мало	о						PR	О	PR	О
	это	ЭТО	SPRO n - nom sg			но - о _это_ будет мало относиться	о	т	э				SPRO	ЭТО	S n - nom sg	О
	будет	БЫТЬ	V ipf act fut sg indic - 3p			- о это _будет_ мало относиться ко	т	е	д	у	б		V	БЫТЬ	V ipf praes sg indic - 3p	Ь
	мало	МАЛО	ADV -			о это будет _мало_ относиться ко ",о,л,а,м,,,ADV,МАЛО,ADV -,О,,,,,,
,относиться,ОТНОСИТЬСЯ,V ipf - - inf - -,,,"это будет мало _относиться_ ко "" Дню",я,с,ь,т,и,с,V,ОТНОСИТЬСЯ,V ipf - - inf - -,Я
,ко,КО,PR,,,"будет мало относиться _ко_ "" Дню Вышки",о,к,,,,,PR,КО,PR,О
,	,PUNCT,,,,,,,,,,PUNCT,,,,
,Дню,ДЕНЬ,S m inan dat sg,,,"относиться ко "" _Дню_ Вышки "" .",ю,н,д,,,,S,ДЕНЬ,S m inan dat sg,Ь
,Вышки,ВЫШКА,S f inan gen sg,,,"ко "" Дню _Вышки_ "" .",и,к,ш,ы,в,,S,ВЫШКА,S f inan acc pl,А
,	,PUNCT,,,,,,,,,,PUNCT,,,,
,.,.,PUNCT,,,,,,,,,,PUNCT,,,
,,,,,,,,,,,,,,,,
# sent = 2854,,,,,,,,,,,,,,,,
"<span class=""note"">",,,,,,,,,,,,,,,,
<note>,во время вышеописанного монолога не смотрит в камеру,,,,,,,,,,,,,,,
</span>,,,,,,,,,,,,,,,,
,Уток,УТКА,S f inan gen sg,,,во время вышеописанного монолога не смотрит в камеру  _Уток_ ловить - интересно,к,о,т,у,,,S,УТКА,S f inan nom sg,А
,ловить,ЛОВИТЬ,V ipf - - inf - -,,,во время вышеописанного монолога не смотрит в камеру  Уток _ловить_ - интересно .,ь,т,и,в,о,л,V,ЛОВИТЬ,V ipf - - inf - -,Ь
,-,-,PUNCT,,,,,,,,,,PUNCT,,,
,интересно,ИНТЕРЕСНЫЙ,A - - sg brev n -,,,Уток ловить - _интересно_ .,о,н,с,е,р,е,A,ИНТЕРЕСНЫЙ,A - - sg brev n -,Й
,.,.,PUNCT,,,,,,,,,,PUNCT,,,
,,,,,,,,,,,,,,,,
# sent = 2855,,,,,,,,,,,,,,,,
,Рекомендую,РЕКОМЕНДОВАТЬ,V ipf act praes sg indic - 1p,,,.   _Рекомендую_ .,ю,у,д,н,е,м,V,РЕКОМЕНДОВАТЬ,V ipf praes sg indic - 1p,Ь
,.,.,PUNCT,,,,,,,,,,PUNCT,,,
,,,,,,,,,,,,,,,,
# sent = 2856,,,,,,,,,,,,,,,,
# speaker = Я,,,,,,,,,,,,,,,,
# sent = 2857,,,,,,,,,,,,,,,,
"<span class=""note"">",,,,,,,,,,,,,,,,
<note>,"странный звук (""шсш"")",,,,,,,,,,,,,,,
</span>,,,,,,,,,,,,,,,,
,Большое,БОЛЬШОЙ,A - nom sg plen n -,,,"странный звук (""шсш"")  _Большое_ вам спасибо .",е,о,ш,ь,л,о,A,БОЛЬШОЙ,A - nom sg plen n -,Й
,вам,ВЫ,SPRO pl 2p - dat,,,"странный звук (""шсш"")  Большое _вам_ спасибо .",м,а,в,,,,SPRO,ВЫ,SPRO pl 2p - dat,Ы
,спасибо,СПАСИБО,S n inan nom sg,,,Большое вам _спасибо_ .,о,б,и,с,а,п,S,СПАСИБО,S n inan nonflex -,О
,.,.,PUNCT,,,,,,,,,,PUNCT,,,
,,,,,,,,,,,,,,,,
# sent = 2858,,,,,,,,,,,,,,,,
,Ааа,ААА,INTJ,,,.   _Ааа_ ...,а,а,а,,,,INTJ,ААА,S m inan nonflex -,А
,...,...,PUNCT,,,,,,,,,,PUNCT,,,
,,,,,,,,,,,,,,,,
# sent = 2859,,,,,,,,,,,,,,,,
,В,В,PR,,,...   _В_ целом  вздох,в,,,,,,PR,В,PR,В
,целом,ЦЕЛОЕ,S n inan loc sg,,,В _целом_  вздох,м,о,л,е,ц,,S,ЦЕЛОЕ,S n inan loc sg,Е
"<span class=""note"">",,,,,,,,,,,,,,,,
<note>,вздох,,,,,,,,,,,,,,,
</span>,,,,,,,,,,,,,,,,
,",",",",PUNCT,,,,,,,,,,PUNCT,,,
,вам,ВЫ,SPRO pl 2p - dat,,,"вздох  , _вам_ понравился опыт """,м,а,в,,,,SPRO,ВЫ,SPRO pl 2p - dat,Ы
,понравился,ПОНРАВИТЬСЯ,V pf act praet sg indic m -,,,", вам _понравился_ опыт "" Дня",я,с,л,и,в,а,V,ПОНРАВИТЬСЯ,V pf praet sg indic m -,Я
,опыт,ОПЫТ,S m inan acc sg,,,", вам понравился _опыт_ "" Дня Вышки",т,ы,п,о,,,S,ОПЫТ,S m inan nom sg,Т
,	,PUNCT,,,,,,,,,,PUNCT,,,,
,Дня,ДЕНЬ,S m inan gen sg,,,"понравился опыт "" _Дня_ Вышки "" ,",я,н,д,,,,S,ДЕНЬ,S m inan gen sg,Ь
,Вышки,ВЫШКА,S f inan gen sg,,,"опыт "" Дня _Вышки_ "" , концерта",и,к,ш,ы,в,,S,ВЫШКА,S f inan acc pl,А
,	,PUNCT,,,,,,,,,,PUNCT,,,,
,",",",",PUNCT,,,,,,,,,,PUNCT,,,
,концерта,КОНЦЕРТ,S m inan gen sg,,,"Вышки "" , _концерта_ иии  впще",а,т,р,е,ц,н,S,КОНЦЕРТ,S m inan gen sg,Т
,иии,И,CONJ,distort,," , концерта _иии_  впще 	и	и	и				CONJ	ИИИ	S m inan gen sg	И
<distinct form=",,,,,,,,,,
<dist>,впще,,,,,,,,,,,,,,,
">																
	вообще	ВООБЩЕ	ADV -			 впще  _вообще_  всего ,	е	щ	б	о	о	в	ADV	ВООБЩЕ	ADV -	Е
</distinct>																
	всего	ВСЕ	S n - gen sg			 вообще  _всего_ , что там	о	г	е	с	в		S	ВСЕ	S n - gen sg	Е
	,	,	PUNCT										PUNCT			
	что	ЧТО	CONJ			 всего , _что_ там было ,	о	т	ч				CONJ	ЧТО	CONJ	О
	там	ТАМ	ADV -			всего , что _там_ было , и	м	а	т				ADV	ТАМ	ADV -	М
	было	БЫТЬ	V ipf act praet sg indic n -			, что там _было_ , и хотели	о	л	ы	б			V	БЫТЬ	V ipf praet sg indic n -	Ь
	,	,	PUNCT										PUNCT			
	и	И	CONJ			там было , _и_ хотели бы вы	и						CONJ	И	CONJ	И
	хотели	ХОТЕТЬ	V ipf act praet pl indic - -			было , и _хотели_ бы вы 	и	л	е	т	о	х	V	ХОТЕТЬ	V ipf praet pl indic - -	Ь
	бы	БЫ	PART			, и хотели _бы_ вы  пфтрить	ы	б					PART	БЫ	PART	Ы
	вы	ВЫ	SPRO pl 2p - nom			и хотели бы _вы_  пфтрить 	ы	в					SPRO	ВЫ	SPRO pl 2p - nom	Ы
<distinct form=",,,,,,,,,,,,,,,,
<dist>,пфтрить,,,,,,,,,,,,,,,
">																
	повторить	ПОВТОРИТЬ	V pf - - inf - -			 пфтрить  _повторить_  это ...	ь	т	и	р	о	т	V	ПОВТОРИТЬ	V pf - - inf - -	Ь
</distinct>																
	это	ЭТО	SPRO n - acc sg			 повторить  _это_ ... в будущем	о	т	э				SPRO	ЭТО	PART	О
	...	...	PUNCT										PUNCT			
	в	В	PR			 это ... _в_ будущем  тихо	в						PR	В	PR	В
	будущем	БУДУЩЕЕ	S n inan loc sg			это ... в _будущем_  тихо 	м	е	щ	у	д	у	S	БУДУЩЕЕ	S n inan loc sg	Е
<span class=note"">",,,,,,,,,,,,,,,,
<note>,тихо,,,,,,,,,,,,,,,
</span>,,,,,,,,,,,,,,,,
,?,?,PUNCT,,,,,,,,,,PUNCT,,,
,,,,,,,,,,,,,,,,
# sent = 2860,,,,,,,,,,,,,,,,
# speaker = Роман,,,,,,,,,,,,,,,,
# sent = 2861,,,,,,,,,,,,,,,,
,Не,НЕ,PART,,,_Не_ знаю насчёт повторить,е,н,,,,,PART,НЕ,PART,Е
,знаю,ЗНАТЬ,V ipf act praes sg indic - 1p,,,Не _знаю_ насчёт повторить .,ю,а,н,з,,,V,ЗНАТЬ,V ipf praes sg indic - 1p,Ь
,насчёт,НАСЧЕТ,PR,,,Не знаю _насчёт_ повторить .,т,ё,ч,с,а,н,PR,НАСЧЕТ,PR,Т
,повторить,ПОВТОРИТЬ,V pf - - inf - -,,,Не знаю насчёт _повторить_ .,ь,т,и,р,о,т,V,ПОВТОРИТЬ,V pf - - inf - -,Ь
,.,.,PUNCT,,,,,,,,,,PUNCT,,,
,,,,,,,,,,,,,,,,
# sent = 2862,,,,,,,,,,,,,,,,
"<distinct form=""",,,,,,,,,,,,,,,,
<dist>,Кда,,,,,,,,,,,,,,,
">																
	когда	КОГДА	CONJ			 Кда  _когда_  что-то повторяешь	а	д	г	о	к		CONJ	КОГДА	CONJ	А
</distinct>																
	что-то	ЧТО-ТО	SPRO n inan nom sg			 когда  _что-то_ повторяешь , это	о	т	-	о	т	ч	SPRO	ЧТО-ТО	S n - nom sg	О
	повторяешь	ПОВТОРЯТЬ	V ipf act praes sg indic - 2p			когда  что-то _повторяешь_ , это становится	ь	ш	е	я	р	о	V	ПОВТОРЯТЬ	V ipf praes sg indic - 2p	Ь
	,	,	PUNCT										PUNCT			
	это	ЭТО	SPRO n - nom sg			что-то повторяешь , _это_ становится  уш	о	т	э				SPRO	ЭТО	S n - nom sg	О
	становится	СТАНОВИТЬСЯ	V ipf act praes sg indic - 3p			повторяешь , это _становится_  уш 	я	с	т	и	в	о	V	СТАНОВИТЬСЯ	V ipf praes sg indic - 3p	Я
<distinct form=",,,,,,,,,,,,,,,,
<dist>,уш,,,,,,,,,,,,,,,
">																
	уже	УЖЕ	ADV -			 уш  _уже_  не таким	е	ж	у				ADV	УЖЕ	ADV -	Е
</distinct>																
	не	НЕ	PART			 уже  _не_ таким весёлым как	е	н					PART	НЕ	PART	Е
	таким	ТАКОЙ	APRO - ins sg plen m -			уже  не _таким_ весёлым как в	м	и	к	а	т		APRO	ТАКОЙ	A - ins sg plen m -	Й
	весёлым	ВЕСЕЛЫЙ	A - ins sg plen m -			 не таким _весёлым_ как в первый	м	ы	л	ё	с	е	A	ВЕСЕЛЫЙ	A - ins sg plen m -	Й
	как	КАК	CONJ			не таким весёлым _как_ в первый раз	к	а	к				CONJ	КАК	CONJ	К
	в	В	PR			таким весёлым как _в_ первый раз ,	в						PR	В	PR	В
	первый	ПЕРВЫЙ	ANUM - acc sg plen m inan			весёлым как в _первый_ раз , но	й	ы	в	р	е	п	A	ПЕРВЫЙ	A - acc sg plen m inan	Й
	раз	РАЗ	S m inan acc sg			как в первый _раз_ , но -	з	а	р				S	РАЗ	S m inan acc sg	З
	,	,	PUNCT										PUNCT			
	но	НО	CONJ			первый раз , _но_ - о вчера	о	н					CONJ	НО	CONJ	О
	-	-	PUNCT										PUNCT			
	о	О	NONLEX			, но - _о_ вчера мне определённо	о						PR	О	PR	О
	вчера	ВЧЕРА	ADV -			но - о _вчера_ мне определённо понравилось	а	р	е	ч	в		ADV	ВЧЕРА	ADV -	А
	мне	Я	SPRO sg 1p - dat			- о вчера _мне_ определённо понравилось ,	е	н	м				SPRO	Я	SPRO sg 1p - dat	Я
	определённо	ОПРЕДЕЛЕННО	ADV -			о вчера мне _определённо_ понравилось , был	о	н	н	ё	л	е	ADV	ОПРЕДЕЛЕННО	ADV -	О
	понравилось	ПОНРАВИТЬСЯ	V pf act praet sg indic n -			вчера мне определённо _понравилось_ , был хороший	ь	с	о	л	и	в	V	ПОНРАВИТЬСЯ	V pf praet sg indic n -	Я
	,	,	PUNCT										PUNCT			
	был	БЫТЬ	V ipf act praet sg indic m -			определённо понравилось , _был_ хороший день ,	л	ы	б				V	БЫТЬ	V ipf praet sg indic m -	Ь
	хороший	ХОРОШИЙ	A - nom sg plen m -			понравилось , был _хороший_ день , я	й	и	ш	о	р	о	A	ХОРОШИЙ	A - nom sg plen m -	Й
	день	ДЕНЬ	S m inan nom sg			, был хороший _день_ , я приехал	ь	н	е	д			S	ДЕНЬ	S m inan nom sg	Ь
	,	,	PUNCT										PUNCT			
	я	Я	SPRO sg 1p - nom			хороший день , _я_ приехал домой 	я						SPRO	Я	SPRO sg 1p - nom	Я
	приехал	ПРИЕХАТЬ	V pf act praet sg indic m -			день , я _приехал_ домой  щсливым	л	а	х	е	и	р	V	ПРИЕХАТЬ	V pf praet sg indic m -	Ь
	домой	ДОМОЙ	ADV -			, я приехал _домой_  щсливым 	й	о	м	о	д		ADV	ДОМОЙ	ADV -	Й
<distinct form=",,,,,,,,,,,,,,,,
<dist>,щсливым,,,,,,,,,,,,,,,
">																
	счастливым	СЧАСТЛИВЫЙ	A - ins sg plen m -			 щсливым  _счастливым_  ... такое	м	ы	в	и	л	т	A	СЧАСТЛИВЫЙ	A - ins sg plen m -	Й
</distinct>																
	...	...	PUNCT										PUNCT			
	такое	ТАКОЙ	APRO - nom sg plen n -			счастливым  ... _такое_ бывает очень редко	е	о	к	а	т		APRO	ТАКОЙ	A - nom sg plen n -	Й
	бывает	БЫВАТЬ	V ipf act praes sg indic - 3p			 ... такое _бывает_ очень редко .	т	е	а	в	ы	б	V	БЫВАТЬ	V ipf praes sg indic - 3p	Ь
	очень	ОЧЕНЬ	ADV -			... такое бывает _очень_ редко . 	ь	н	е	ч	о		ADV	ОЧЕНЬ	ADV -	Ь
	редко	РЕДКО	ADV -			такое бывает очень _редко_ .  	о	к	д	е	р		ADV	РЕДКО	ADV -	О
	.	.	PUNCT										PUNCT			
																
# sent = 2863																
	Не	НЕ	PART			.   _Не_ помню , 	е	н					PART	НЕ	PART	Е
	помню	ПОМНИТЬ	V ipf act praes sg indic - 1p			  Не _помню_ ,  коакт	ю	н	м	о	п		V	ПОМНИТЬ	V ipf praes sg indic - 1p	Ь
	,	,	PUNCT										PUNCT			
<distinct form=",,,,,,,,,,,,,,,,
<dist>,коакт,,,,,,,,,,,,,,,
">																
	когда	КОГДА	CONJ			 коакт  _когда_   такое	а	д	г	о	к		CONJ	КОГДА	CONJ	А
</distinct>																
<noindex>[нрзб]</noindex>																
	такое	ТАКОЙ	APRO - nom sg plen n -			когда   _такое_ было в последний	е	о	к	а	т		APRO	ТАКОЙ	A - nom sg plen n -	Й
	было	БЫТЬ	V ipf act praet sg indic n -			  такое _было_ в последний раз	о	л	ы	б			V	БЫТЬ	V ipf praet sg indic n -	Ь
	в	В	PR			 такое было _в_ последний раз 	в						PR	В	PR	В
	последний	ПОСЛЕДНИЙ	A - acc sg plen m inan			такое было в _последний_ раз  впще	й	и	н	д	е	л	A	ПОСЛЕДНИЙ	A - acc sg plen m inan	Й
	раз	РАЗ	S m inan acc sg			было в последний _раз_  впще 	з	а	р				S	РАЗ	S m inan acc sg	З
<distinct form=",,,,,,,,,,,,,,,,
<dist>,впще,,,,,,,,,,,,,,,
">																
	вообще	ВООБЩЕ	ADV -			 впще  _вообще_  . 	е	щ	б	о	о	в	ADV	ВООБЩЕ	ADV -	Е
</distinct>																
	.	.	PUNCT										PUNCT			
																
# sent = 2864																
# speaker = Я																
# sent = 2865																
	Спасибо	СПАСИБО	PRAEDIC			   _Спасибо_ вам большое за	о	б	и	с	а	п	PRAEDIC	СПАСИБО	PRAEDIC	О
	вам	ВЫ	SPRO pl 2p - dat			  Спасибо _вам_ большое за интервью	м	а	в				SPRO	ВЫ	SPRO pl 2p - dat	Ы
	большое	БОЛЬШОЙ	A - nom sg plen n -			 Спасибо вам _большое_ за интервью ,	е	о	ш	ь	л	о	A	БОЛЬШОЙ	A - nom sg plen n -	Й
	за	ЗА	PR			Спасибо вам большое _за_ интервью , Роман	а	з					PR	ЗА	PR	А
	интервью	ИНТЕРВЬЮ	S n inan acc sg			вам большое за _интервью_ , Роман .	ю	ь	в	р	е	т	S	ИНТЕРВЬЮ	S n inan acc sg	Ю
	,	,	PUNCT										PUNCT			
	Роман	РОМАН	S m anim nom sg persn			за интервью , _Роман_ .  	н	а	м	о	р		S	РОМАН	S m anim nom sg	Н
	.	.	PUNCT										PUNCT			",,,,,,,,,,,,,,,,