0,#,FORM,LEMMA,GRAM,COMMENT,CHECKED,CONTEXT,RIGHT1,RIGHT2,RIGHT3,RIGHT4,RIGHT5,RIGHT6,POS,AUTO_LEMMA,AUTO_GRAM,
37624,# doc = расшифровка_Роман.2.txt,,,,,,,,,,,,,,,,
37625,# speaker = Роман,,,,,,,,,,,,,,,,
37626,# sent = 2810,,,,,,,,,,,,,,,,
37627,,У,У,PR,,,   _У_ меня был билет,у,,,,,,PR,У,PR,Я
37628,,меня,Я,SPRO sg 1p - acc,,,  У _меня_ был билет .,я,н,е,м,,,SPRO,Я,SPRO sg 1p - acc,Ь
37629,,был,БЫТЬ,V ipf tran act praet sg indic m -,,, У меня _был_ билет . ,л,ы,б,,,,V,БЫТЬ,V ipf praet sg indic m -,Т
37630,,билет,БИЛЕТ,S m inan acc sg,,,У меня был _билет_ .  ,т,е,л,и,б,,S,БИЛЕТ,S m inan acc sg,
37631,,.,.,PUNCT,,,,,,,,,,PUNCT,,,
37632,,,,,,,,,,,,,,,,,
37633,# sent = 2811,,,,,,,,,,,,,,,,
37634,"<span class=""note"">",,,,,,,,,,,,,,,,
37635,<note>,задумчиво смотрит в окно,,,,,,,,,,,,,,,
37636,</span>,,,,,,,,,,,,,,,,Я
37637,,Мне,Я,SPRO sg 1p - dat,,, задумчиво смотрит в окно  _Мне_ удалось урвать один,е,н,м,,,,SPRO,Я,SPRO sg 1p - dat,Я
37638,,удалось,УДАТЬСЯ,V pf act praet sg indic n -,,,задумчиво смотрит в окно  Мне _удалось_ урвать один ...,ь,с,о,л,а,д,V,УДАТЬСЯ,V pf praet sg indic n -,Ь
37639,,урвать,УРВАТЬ,V pf - - inf - -,,, Мне удалось _урвать_ один ... но,ь,т,а,в,р,у,V,УРВАТЬ,V pf - - inf - -,Н
37640,,один,ОДИН,ANUM - acc sg plen m inan,,,Мне удалось урвать _один_ ... но по,н,и,д,о,,,ANUM,ОДИН,ANUM - acc sg plen m inan,
37641,,...,...,PUNCT,,,,,,,,,,PUNCT,,,О
37642,,но,НО,CONJ,,,урвать один ... _но_ по билету проходить,о,н,,,,,CONJ,НО,CONJ,О
37643,,по,ПО,PR,,,один ... но _по_ билету проходить слишком,о,п,,,,,PR,ПО,PR,Т
37644,,билету,БИЛЕТ,S m inan dat sg,,,... но по _билету_ проходить слишком скучно,у,т,е,л,и,б,S,БИЛЕТ,S m inan dat sg,Ь
37645,,проходить,ПРОХОДИТЬ,V ipf - - inf - -,,,"но по билету _проходить_ слишком скучно ,",ь,т,и,д,о,х,V,ПРОХОДИТЬ,V ipf - - inf - -,М
37646,,слишком,СЛИШКОМ,ADV -,,,"по билету проходить _слишком_ скучно , ",м,о,к,ш,и,л,ADV,СЛИШКОМ,ADV -,О
37647,,скучно,СКУЧНО,ADV -,,,"билету проходить слишком _скучно_ ,  када",о,н,ч,у,к,с,ADV,СКУЧНО,ADV -,
37648,,",",",",PUNCT,,,,,,,,,,PUNCT,,,
37649,"<distinct form=""",,,,,,,,,,,,,,,,
37650,<dist>,када,,,,,,,,,,,,,,,
37651,""">",,,,,,,,,,,,,,,,А
37652,,когда,КОГДА,CONJ,,, када  _когда_  ты молодой,а,д,г,о,к,,ADV,КОГДА,ADV -,
37653,</distinct>,,,,,,,,,,,,,,,,Ы
37654,,ты,ТЫ,SPRO sg 2p - nom,,, когда  _ты_ молодой и хочешь,ы,т,,,,,SPRO,ТЫ,SPRO sg 2p - nom,Й
37655,,молодой,МОЛОДОЙ,A - nom sg plen m -,,,когда  ты _молодой_ и хочешь приключений,й,о,д,о,л,о,A,МОЛОДОЙ,A - nom sg plen m -,И
37656,,и,И,CONJ,,," ты молодой _и_ хочешь приключений ,",и,,,,,,CONJ,И,CONJ,Ь
37657,,хочешь,ХОТЕТЬ,V ipf act praes sg indic - 2p,,,"ты молодой и _хочешь_ приключений , ловишь",ь,ш,е,ч,о,х,V,ХОТЕТЬ,V ipf praes sg indic - 2p,Е
37658,,приключений,ПРИКЛЮЧЕНИЕ,S n inan gen pl,,,"молодой и хочешь _приключений_ , ловишь периодически",й,и,н,е,ч,ю,S,ПРИКЛЮЧЕНИЕ,S n inan gen pl,
37659,,",",",",PUNCT,,,,,,,,,,PUNCT,,,Ь
37660,,ловишь,ЛОВИТЬ,V ipf act praes sg indic - 2p,,,"хочешь приключений , _ловишь_ периодически уток ",ь,ш,и,в,о,л,V,ЛОВИТЬ,V ipf praes sg indic - 2p,И
37661,,периодически,ПЕРИОДИЧЕСКИ,ADV -,,,"приключений , ловишь _периодически_ уток  акцент на слове ""уток""",и,к,с,е,ч,и,ADV,ПЕРИОДИЧЕСКИ,ADV -,А
37662,,уток,УТКА,S f anim gen pl,,,", ловишь периодически _уток_  акцент на слове ""уток"" ",к,о,т,у,,,S,УТКА,S f anim acc pl,
37663,"<span class=""note"">",,,,,,,,,,,,,,,,
37664,<note>,"акцент на слове ""уток""",,,,,,,,,,,,,,,
37665,</span>,,,,,,,,,,,,,,,,
37666,,.,.,PUNCT,,,,,,,,,,PUNCT,,,
37667,,,,,,,,,,,,,,,,,
37668,# sent = 2812,,,,,,,,,,,,,,,,И
37669,,И,И,CONJ,,,.   _И_ полезли через забор,и,,,,,,CONJ,И,CONJ,Ь
37670,,полезли,ПОЛЕЗТЬ,V pf act praet pl indic - -,,,  И _полезли_ через забор ,и,л,з,е,л,о,V,ПОЛЕЗТЬ,V pf praet pl indic - -,З
37671,,через,ЧЕРЕЗ,PR,,, И полезли _через_ забор  мотает головой в сорону камеры,з,е,р,е,ч,,PR,ЧЕРЕЗ,PR,Р
37672,,забор,ЗАБОР,S m inan acc sg,,,И полезли через _забор_  мотает головой в сорону камеры ,р,о,б,а,з,,S,ЗАБОР,S m inan acc sg,
37673,"<span class=""note"">",,,,,,,,,,,,,,,,
37674,<note>,мотает головой в сорону камеры,,,,,,,,,,,,,,,
37675,</span>,,,,,,,,,,,,,,,,
37676,,",",",",PUNCT,,,,,,,,,,PUNCT,,,Я
37677,,прятались,ПРЯТАТЬСЯ,V ipf act praet pl indic - -,,,"мотает головой в сорону камеры  , _прятались_ от охранников ,",ь,с,и,л,а,т,V,ПРЯТАТЬСЯ,V ipf praet pl indic - -,Т
37678,,от,ОТ,PR,,," , прятались _от_ охранников , было",т,о,,,,,PR,ОТ,PR,К
37679,,охранников,ОХРАННИК,S m anim acc pl,,,", прятались от _охранников_ , было хорошо",в,о,к,и,н,н,S,ОХРАННИК,S m anim acc pl,
37680,,",",",",PUNCT,,,,,,,,,,PUNCT,,,Ь
37681,,было,БЫТЬ,V ipf act praet sg indic n -,,,"от охранников , _было_ хорошо . ",о,л,ы,б,,,V,БЫТЬ,V ipf praet sg indic n -,О
37682,,хорошо,ХОРОШО,ADV -,,,"охранников , было _хорошо_ .  ",о,ш,о,р,о,х,ADV,ХОРОШО,ADV -,
37683,,.,.,PUNCT,,,,,,,,,,PUNCT,,,
37684,,,,,,,,,,,,,,,,,
37685,# sent = 2813,,,,,,,,,,,,,,,,Е
37686,,Не,НЕ,PART,,,".   _Не_ всем , мне",е,н,,,,,PART,НЕ,PART,Е
37687,,всем,ВСЕ,S - - dat pl,,,"  Не _всем_ , мне -",м,е,с,в,,,S,ВСЕ,S - - dat pl,
37688,,",",",",PUNCT,,,,,,,,,,PUNCT,,,Я
37689,,мне,Я,SPRO sg 1p - dat,,,"Не всем , _мне_ - определённо да",е,н,м,,,,SPRO,Я,SPRO sg 1p - dat,
37690,,-,-,PUNCT,,,,,,,,,,PUNCT,,,О
37691,,определённо,ОПРЕДЕЛЕННО,ADV -,,,", мне - _определённо_ да . ",о,н,н,ё,л,е,ADV,ОПРЕДЕЛЕННО,ADV -,А
37692,,да,ДА,PART,,,мне - определённо _да_ .  ,а,д,,,,,PART,ДА,PART,
37693,,.,.,PUNCT,,,,,,,,,,PUNCT,,,
37694,,,,,,,,,,,,,,,,,
37695,# sent = 2814,,,,,,,,,,,,,,,,Т
37696,,Концерт,КОНЦЕРТ,S m inan nom sg,,,.   _Концерт_ показался сначала довольно,т,р,е,ц,н,о,S,КОНЦЕРТ,S m inan nom sg,Я
37697,,показался,ПОКАЗАТЬСЯ,V pf act praet sg indic m -,,,  Концерт _показался_ сначала довольно посредственным,я,с,л,а,з,а,V,ПОКАЗАТЬСЯ,V pf praet sg indic m -,А
37698,,сначала,СНАЧАЛА,ADV -,,, Концерт показался _сначала_ довольно посредственным .,а,л,а,ч,а,н,ADV,СНАЧАЛА,ADV -,О
37699,,довольно,ДОВОЛЬНО,ADV -,,,Концерт показался сначала _довольно_ посредственным . ,о,н,ь,л,о,в,ADV,ДОВОЛЬНО,ADV -,Й
37700,,посредственным,ПОСРЕДСТВЕННЫЙ,A - ins sg plen m -,,,показался сначала довольно _посредственным_ .  ,м,ы,н,н,е,в,A,ПОСРЕДСТВЕННЫЙ,A - ins sg plen m -,
37701,,.,.,PUNCT,,,,,,,,,,PUNCT,,,
37702,,,,,,,,,,,,,,,,,
37703,# sent = 2815,,,,,,,,,,,,,,,,У
37704,,Ну,НУ,PART,,,".   _Ну_ , группа """,у,н,,,,,PART,НУ,PART,
37705,,",",",",PUNCT,,,,,,,,,,PUNCT,,,А
37706,,группа,ГРУППА,S f inan nom sg,,," Ну , _группа_ "" Градусы """,а,п,п,у,р,г,S,ГРУППА,S f inan nom sg,
37707,,"""","""",PUNCT,,,,,,,,,,PUNCT,,,С
37708,,Градусы,ГРАДУС,S m inan nom pl,,,", группа "" _Градусы_ "" , она",ы,с,у,д,а,р,S,ГРАДУС,S m inan acc pl,
37709,,"""","""",PUNCT,,,,,,,,,,PUNCT,,,
37710,,",",",",PUNCT,,,,,,,,,,PUNCT,,,А
37711,,она,ОНА,SPRO sg 3p f nom,,,"Градусы "" , _она_ на меня никогда",а,н,о,,,,SPRO,ОНА,SPRO sg 3p f nom,А
37712,,на,НА,PR,,,""" , она _на_ меня никогда хорошего",а,н,,,,,PR,НА,PR,Я
37713,,меня,Я,SPRO sg 1p - acc,,,", она на _меня_ никогда хорошего впечатления",я,н,е,м,,,SPRO,Я,SPRO sg 1p - acc,А
37714,,никогда,НИКОГДА,ADV -,,,она на меня _никогда_ хорошего впечатления не,а,д,г,о,к,и,ADV,НИКОГДА,ADV -,Й
37715,,хорошего,ХОРОШИЙ,A - gen sg plen n -,,,на меня никогда _хорошего_ впечатления не производила,о,г,е,ш,о,р,A,ХОРОШИЙ,A - gen sg plen n -,Е
37716,,впечатления,ВПЕЧАТЛЕНИЕ,S n inan gen sg,,,"меня никогда хорошего _впечатления_ не производила ,",я,и,н,е,л,т,S,ВПЕЧАТЛЕНИЕ,S n inan gen sg,Е
37717,,не,НЕ,PART,,,"никогда хорошего впечатления _не_ производила , вчера",е,н,,,,,PART,НЕ,PART,Ь
37718,,производила,ПРОИЗВОДИТЬ,V ipf act praet sg indic f -,,,"хорошего впечатления не _производила_ , вчера не",а,л,и,д,о,в,V,ПРОИЗВОДИТЬ,V ipf praet sg indic f -,
37719,,",",",",PUNCT,,,,,,,,,,PUNCT,,,А
37720,,вчера,ВЧЕРА,ADV -,,,"не производила , _вчера_ не произвела и",а,р,е,ч,в,,ADV,ВЧЕРА,ADV -,Е
37721,,не,НЕ,PART,,,"производила , вчера _не_ произвела и вряд ли",е,н,,,,,PART,НЕ,PART,И
37722,,произвела,ПРОИЗВЕСТИ,V pf act praet sg indic f -,,,", вчера не _произвела_ и вряд ли произведёт",а,л,е,в,з,и,V,ПРОИЗВЕСТИ,V pf praet sg indic f -,И
37723,,и,И,CONJ,,,вчера не произвела _и_ вряд ли произведёт ,и,,,,,,CONJ,И,CONJ,и
37724,,вряд ли,вряд ли,ADV -,,,не произвела и _вряд ли_ произведёт  какда-либо,и,л, ,д,я,р,ADV,вряд ли,ADV -,И
37725,,произведёт,ПРОИЗВЕСТИ,V pf act fut sg indic - 3p,,,произвела и вряд ли _произведёт_  какда-либо ,т,ё,д,е,в,з,V,ПРОИЗВЕСТИ,V pf fut sg indic - 3p,
37726,"<distinct form=""",,,,,,,,,,,,,,,,
37727,<dist>,какда-либо,,,,,,,,,,,,,,,
37728,""">",,,,,,,,,,,,,,,,О
37729,,когда-либо,КОГДА-ЛИБО,ADV -,,, какда-либо  _когда-либо_  ещё .,о,б,и,л,-,а,ADV,КОГДА-ЛИБО,ADV -,
37730,</distinct>,,,,,,,,,,,,,,,,Е
37731,,ещё,ЕЩЕ,ADV -,,, когда-либо  _ещё_ .  ,ё,щ,е,,,,ADV,ЕЩЕ,ADV -,
37732,,.,.,PUNCT,,,,,,,,,,PUNCT,,,
37733,,,,,,,,,,,,,,,,,
37734,# sent = 2816,,,,,,,,,,,,,,,,Ь
37735,,Было,БЫТЬ,V ipf act praet sg indic n -,,,.   _Было_  скушна ,о,л,ы,б,,,V,БЫТЬ,V ipf praet sg indic n -,
37736,"<distinct form=""",,,,,,,,,,,,,,,,
37737,<dist>,скушна,,,,,,,,,,,,,,,
37738,""">",,,,,,,,,,,,,,,,О
37739,,скучно,СКУЧНО,ADV -,,," скушна  _скучно_  , сидел",о,н,ч,у,к,с,ADV,СКУЧНО,ADV -,
37740,</distinct>,,,,,,,,,,,,,,,,
37741,,",",",",PUNCT,,,,,,,,,,PUNCT,,,Ь
37742,,сидел,СИДЕТЬ,V ipf act praet sg indic m -,,,"скучно  , _сидел_ в телефончике ,",л,е,д,и,с,,V,СИДЕТЬ,V ipf praet sg indic m -,В
37743,,в,В,PR,,," , сидел _в_ телефончике , стоял",в,,,,,,PR,В,PR,К
37744,,телефончике,ТЕЛЕФОНЧИК,S m inan loc sg,,,", сидел в _телефончике_ , стоял ,",е,к,и,ч,н,о,S,ТЕЛЕФОНЧИК,S m inan loc sg,
37745,,",",",",PUNCT,,,,,,,,,,PUNCT,,,Ь
37746,,стоял,СТОЯТЬ,V ipf act praet sg indic m -,,,"в телефончике , _стоял_ , точнее ,",л,я,о,т,с,,V,СТОЯТЬ,V ipf praet sg indic m -,
37747,,",",",",PUNCT,,,,,,,,,,PUNCT,,,О
37748,,точнее,ТОЧНО,ADV comp,,,", стоял , _точнее_ , в телефончике",е,е,н,ч,о,т,ADV,ТОЧНО,ADV comp,
37749,,",",",",PUNCT,,,,,,,,,,PUNCT,,,В
37750,,в,В,PR,,,", точнее , _в_ телефончике и ...",в,,,,,,PR,В,PR,К
37751,,телефончике,ТЕЛЕФОНЧИК,S m inan loc sg,,,"точнее , в _телефончике_ и ... ну",е,к,и,ч,н,о,S,ТЕЛЕФОНЧИК,S m inan loc sg,И
37752,,и,И,CONJ,,,", в телефончике _и_ ... ну ,",и,,,,,,CONJ,И,CONJ,
37753,,...,...,PUNCT,,,,,,,,,,PUNCT,,,У
37754,,ну,НУ,PART,,,"телефончике и ... _ну_ , о жизни",у,н,,,,,PART,НУ,PART,
37755,,",",",",PUNCT,,,,,,,,,,PUNCT,,,О
37756,,о,О,PR,,,"... ну , _о_ жизни думал наверно",о,,,,,,PR,О,PR,Ь
37757,,жизни,ЖИЗНЬ,S f inan loc sg,,,"ну , о _жизни_ думал наверно .",и,н,з,и,ж,,S,ЖИЗНЬ,S f inan loc sg,Ь
37758,,думал,ДУМАТЬ,V ipf act praet sg indic m -,,,", о жизни _думал_ наверно . ",л,а,м,у,д,,V,ДУМАТЬ,V ipf praet sg indic m -,О
37759,,наверно,НАВЕРНО,PRAEDIC,,,о жизни думал _наверно_ .  ,о,н,р,е,в,а,ADV,НАВЕРНО,ADV -,
37760,,.,.,PUNCT,,,,,,,,,,PUNCT,,,
37761,,,,,,,,,,,,,,,,,
37762,# sent = 2817,,,,,,,,,,,,,,,,М
37763,,Потом,ПОТОМ,ADV -,,,".   _Потом_ группа "" Градусы",м,о,т,о,п,,ADV,ПОТОМ,ADV -,А
37764,,группа,ГРУППА,S f inan nom sg,,,"  Потом _группа_ "" Градусы """,а,п,п,у,р,г,S,ГРУППА,S f inan nom sg,
37765,,"""","""",PUNCT,,,,,,,,,,PUNCT,,,С
37766,,Градусы,ГРАДУС,S m inan nom pl,,,"Потом группа "" _Градусы_ "" ушла ,",ы,с,у,д,а,р,S,ГРАДУС,S m inan acc pl,
37767,,"""","""",PUNCT,,,,,,,,,,PUNCT,,,И
37768,,ушла,УЙТИ,V pf act praet sg indic f -,,,""" Градусы "" _ушла_ , я выдохнул",а,л,ш,у,,,V,УЙТИ,V pf praet sg indic f -,
37769,,",",",",PUNCT,,,,,,,,,,PUNCT,,,Я
37770,,я,Я,SPRO sg 1p - nom,,,""" ушла , _я_ выдохнул с облегчением",я,,,,,,SPRO,Я,SPRO sg 1p - nom,Ь
37771,,выдохнул,ВЫДОХНУТЬ,V pf act praet sg indic m -,,,"ушла , я _выдохнул_ с облегчением ",л,у,н,х,о,д,V,ВЫДОХНУТЬ,V pf praet sg indic m -,С
37772,,с,С,PR,,,", я выдохнул _с_ облегчением  смотрит куда-то в сорону",с,,,,,,PR,С,PR,Е
37773,,облегчением,ОБЛЕГЧЕНИЕ,S n inan ins sg,,,я выдохнул с _облегчением_  смотрит куда-то в сорону ,м,е,и,н,е,ч,S,ОБЛЕГЧЕНИЕ,S n inan ins sg,
37774,"<span class=""note"">",,,,,,,,,,,,,,,,
37775,<note>,смотрит куда-то в сорону,,,,,,,,,,,,,,,
37776,</span>,,,,,,,,,,,,,,,,
37777,,.,.,PUNCT,,,,,,,,,,PUNCT,,,
37778,,,,,,,,,,,,,,,,,
37779,# sent = 2818,,,,,,,,,,,,,,,,Я
37780,,Начались,НАЧАТЬСЯ,V pf act praet pl indic - -,,,.   _Начались_ какие-то ролики про,ь,с,и,л,а,ч,V,НАЧАТЬСЯ,V pf praet pl indic - -,О
37781,,какие-то,КАКОЙ-ТО,APRO - nom pl plen - -,,,"  Начались _какие-то_ ролики про """,о,т,-,е,и,к,APRO,КАКОЙ-ТО,A - nom pl plen - -,К
37782,,ролики,РОЛИК,S m inan nom pl,,," Начались какие-то _ролики_ про "" День",и,к,и,л,о,р,S,РОЛИК,S m inan nom pl,О
37783,,про,ПРО,PR,,,"Начались какие-то ролики _про_ "" День Вышки",о,р,п,,,,PR,ПРО,PR,
37784,,"""","""",PUNCT,,,,,,,,,,PUNCT,,,Ь
37785,,День,ДЕНЬ,S m inan nom sg,,,"ролики про "" _День_ Вышки "" ",ь,н,е,д,,,S,ДЕНЬ,S m inan nom sg,А
37786,,Вышки,ВЫШКА,S f inan gen sg,,,"про "" День _Вышки_ ""  дветыщипитнацатова",и,к,ш,ы,в,,S,ВЫШКА,S f inan acc pl,
37787,,"""","""",PUNCT,,,,,,,,,,PUNCT,,,
37788,"<distinct form=""",,,,,,,,,,,,,,,,
37789,<dist>,дветыщипитнацатова,,,,,,,,,,,,,,,
37790,""">",,,,,,,,,,,,,,,,5
37791,,2015,2015,NUM - - -,,," дветыщипитнацатова  _2015_  года ,",5,1,0,2,,,NUM,2015,NUM - - -,
37792,</distinct>,,,,,,,,,,,,,,,,Д
37793,,года,ГОД,S m inan gen sg,,," 2015  _года_ , другие вещи",а,д,о,г,,,S,ГОД,S m inan gen sg,
37794,,",",",",PUNCT,,,,,,,,,,PUNCT,,,Й
37795,,другие,ДРУГОЙ,A - nom pl plen - -,,," года , _другие_ вещи - интересные",е,и,г,у,р,д,A,ДРУГОЙ,A - nom pl plen - -,Ь
37796,,вещи,ВЕЩЬ,S f inan nom pl,,,"года , другие _вещи_ - интересные ,",и,щ,е,в,,,S,ВЕЩЬ,S f inan nom pl,
37797,,-,-,PUNCT,,,,,,,,,,PUNCT,,,Й
37798,,интересные,ИНТЕРЕСНЫЙ,A - nom pl plen - -,,,"другие вещи - _интересные_ ,  широко раскрывает глаза",е,ы,н,с,е,р,A,ИНТЕРЕСНЫЙ,A - nom pl plen - -,
37799,,",",",",PUNCT,,,,,,,,,,PUNCT,,,
37800,"<span class=""note"">",,,,,,,,,,,,,,,,
37801,<note>,широко раскрывает глаза,,,,,,,,,,,,,,,
37802,</span>,,,,,,,,,,,,,,,,Е
37803,,не,НЕ,PART,,," широко раскрывает глаза  _не_ очень интересные ,",е,н,,,,,PART,НЕ,PART,Ь
37804,,очень,ОЧЕНЬ,ADV -,,,"широко раскрывает глаза  не _очень_ интересные , разное",ь,н,е,ч,о,,ADV,ОЧЕНЬ,ADV -,Й
37805,,интересные,ИНТЕРЕСНЫЙ,A - nom pl plen - -,,," не очень _интересные_ , разное было",е,ы,н,с,е,р,A,ИНТЕРЕСНЫЙ,A - nom pl plen - -,
37806,,",",",",PUNCT,,,,,,,,,,PUNCT,,,Й
37807,,разное,РАЗНЫЙ,A - nom sg plen n -,,,"очень интересные , _разное_ было . ",е,о,н,з,а,р,A,РАЗНЫЙ,A - nom sg plen n -,Ь
37808,,было,БЫТЬ,V ipf act praet sg indic n -,,,"интересные , разное _было_ .  ",о,л,ы,б,,,V,БЫТЬ,V ipf praet sg indic n -,
37809,,.,.,PUNCT,,,,,,,,,,PUNCT,,,
37810,,,,,,,,,,,,,,,,,
37811,# sent = 2819,,,,,,,,,,,,,,,,У
37812,,Ну,НУ,PART,,,".   _Ну_ , начала толпа",у,н,,,,,PART,НУ,PART,
37813,,",",",",PUNCT,,,,,,,,,,PUNCT,,,О
37814,,начала,НАЧАЛО,V ipf act praet sgindic f-,,," Ну , _начала_ толпа скандировать :",а,л,а,ч,а,н,S,НАЧАЛО,S n inan acc pl,А
37815,,толпа,ТОЛПА,S f inan nom sg,,,"Ну , начала _толпа_ скандировать : """,а,п,л,о,т,,S,ТОЛПА,S f inan nom sg,Ь
37816,,скандировать,СКАНДИРОВАТЬ,V ipf - - inf - -,,,", начала толпа _скандировать_ : "" Нойз",ь,т,а,в,о,р,V,СКАНДИРОВАТЬ,V ipf - - inf - -,
37817,,:,:,PUNCT,,,,,,,,,,PUNCT,,,
37818,,"""","""",PUNCT,,,,,,,,,,PUNCT,,,З
37819,,Нойз,НОЙЗ,S m anim nom sg,,,"скандировать : "" _Нойз_ МС ! """,з,й,о,н,,,S,НОЙЗ,S m anim nom sg,С
37820,,МС,МС,S m inan nom sg,,,": "" Нойз _МС_ ! "" ",с,м,,,,,S,МС,S f inan nom sg,
37821,,!,!,PUNCT,,,,,,,,,,PUNCT,,,
37822,,"""","""",PUNCT,,,,,,,,,,PUNCT,,,
37823,,,,,,,,,,,,,,,,,
37824,# sent = 2820,,,,,,,,,,,,,,,,
37825,"<span class=""note"">",,,,,,,,,,,,,,,,
37826,<note>,имитирует звук толпы,,,,,,,,,,,,,,,
37827,</span>,,,,,,,,,,,,,,,,И
37828,,И,И,CONJ,,, имитирует звук толпы  _И_ вышел  собсно,и,,,,,,CONJ,И,S - - nonflex -,И
37829,,вышел,ВЫЙТИ,V pf act praet sg indic m -,,,имитирует звук толпы  И _вышел_  собсно ,л,е,ш,ы,в,,V,ВЫЙТИ,V pf praet sg indic m -,
37830,"<distinct form=""",,,,,,,,,,,,,,,,
37831,<dist>,собсно,,,,,,,,,,,,,,,
37832,""">",,,,,,,,,,,,,,,,О
37833,,собственно,СОБСТВЕННО,ADV -,,, собсно  _собственно_  Нойз МС,о,н,н,е,в,т,ADV,СОБСТВЕННО,ADV -,
37834,</distinct>,,,,,,,,,,,,,,,,З
37835,,Нойз,НОЙЗ,S m anim nom sg,,, собственно  _Нойз_ МС . ,з,й,о,н,,,S,НОЙЗ,S m anim nom sg,С
37836,,МС,МС,S m inan nom sg,,,собственно  Нойз _МС_ .  ,с,м,,,,,S,МС,S f inan nom sg,
37837,,.,.,PUNCT,,,,,,,,,,PUNCT,,,
37838,,,,,,,,,,,,,,,,,
37839,# sent = 2821,,,,,,,,,,,,,,,,
37840,"<distinct form=""",,,,,,,,,,,,,,,,
37841,<dist>,Никда,,,,,,,,,,,,,,,
37842,""">",,,,,,,,,,,,,,,,А
37843,,Никогда,НИКОГДА,ADV -,,, Никда  _Никогда_  не слушал,а,д,г,о,к,и,ADV,НИКОГДА,ADV -,
37844,</distinct>,,,,,,,,,,,,,,,,Е
37845,,не,НЕ,PART,,, Никогда  _не_ слушал этого человека,е,н,,,,,PART,НЕ,PART,Ь
37846,,слушал,СЛУШАТЬ,V ipf act praet sg indic m -,,,Никогда  не _слушал_ этого человека замечательного,л,а,ш,у,л,с,V,СЛУШАТЬ,V ipf praet sg indic m -,Т
37847,,этого,ЭТОТ,APRO - acc sg plen m anim,,, не слушал _этого_ человека замечательного .,о,г,о,т,э,,APRO,ЭТОТ,A - acc sg plen m anim,К
37848,,человека,ЧЕЛОВЕК,S m anim gen sg,,,не слушал этого _человека_ замечательного . ,а,к,е,в,о,л,S,ЧЕЛОВЕК,S m anim gen sg,Й
37849,,замечательного,ЗАМЕЧАТЕЛЬНЫЙ,A - acc sg plen m anim,,,слушал этого человека _замечательного_ .  ,о,г,о,н,ь,л,A,ЗАМЕЧАТЕЛЬНЫЙ,A - acc sg plen m anim,
37850,,.,.,PUNCT,,,,,,,,,,PUNCT,,,
37851,,,,,,,,,,,,,,,,,
37852,# sent = 2822,,,,,,,,,,,,,,,,Ь
37853,,Слышал,СЛЫШАТЬ,V ipf act praet sg indic m -,,,.   _Слышал_  какда-та ,л,а,ш,ы,л,с,V,СЛЫШАТЬ,V ipf praet sg indic m -,
37854,"<distinct form=""",,,,,,,,,,,,,,,,
37855,<dist>,какда-та,,,,,,,,,,,,,,,
37856,""">",,,,,,,,,,,,,,,,О
37857,,когда-то,КОГДА-ТО,ADV -,,, какда-та  _когда-то_  пару песен,о,т,-,а,д,г,ADV,КОГДА-ТО,ADV -,
37858,</distinct>,,,,,,,,,,,,,,,,А
37859,,пару,ПАРА,S f inan acc sg,,," когда-то  _пару_ песен , причём",у,р,а,п,,,S,ПАРА,S f inan acc sg,Я
37860,,песен,ПЕСНЯ,S f inan gen pl,,,"когда-то  пару _песен_ , причём слышал",н,е,с,е,п,,S,ПЕСНЯ,S f inan gen pl,
37861,,",",",",PUNCT,,,,,,,,,,PUNCT,,,М
37862,,причём,ПРИЧЕМ,CONJ,,,"пару песен , _причём_ слышал очень часто",м,ё,ч,и,р,п,CONJ,ПРИЧЕМ,CONJ,Ь
37863,,слышал,СЛЫШАТЬ,V ipf act praet sg indic m -,,,"песен , причём _слышал_ очень часто и",л,а,ш,ы,л,с,V,СЛЫШАТЬ,V ipf praet sg indic m -,Ь
37864,,очень,ОЧЕНЬ,ADV -,,,", причём слышал _очень_ часто и ",ь,н,е,ч,о,,ADV,ОЧЕНЬ,ADV -,О
37865,,часто,ЧАСТО,ADV -,,,причём слышал очень _часто_ и  даже,о,т,с,а,ч,,ADV,ЧАСТО,ADV -,И
37866,,и,И,CONJ,,,слышал очень часто _и_  даже знаю,и,,,,,,CONJ,И,CONJ,
37867,<noindex>[нрзб]</noindex>,,,,,,,,,,,,,,,,Е
37868,,даже,ДАЖЕ,PART,,,часто и  _даже_ знаю их наизусть,е,ж,а,д,,,PART,ДАЖЕ,PART,Ь
37869,,знаю,ЗНАТЬ,V ipf act praes sg indic - 1p,,,и  даже _знаю_ их наизусть ,ю,а,н,з,,,V,ЗНАТЬ,V ipf praes sg indic - 1p,И
37870,,их,ОНИ,SPRO pl - - acc,,, даже знаю _их_ наизусть  смотрит вверх,х,и,,,,,SPRO,ОНИ,SPRO pl - - acc,Ь
37871,,наизусть,НАИЗУСТЬ,ADV -,,,даже знаю их _наизусть_  смотрит вверх ,ь,т,с,у,з,и,ADV,НАИЗУСТЬ,ADV -,
37872,"<span class=""note"">",,,,,,,,,,,,,,,,
37873,<note>,смотрит вверх,,,,,,,,,,,,,,,
37874,</span>,,,,,,,,,,,,,,,,
37875,,.,.,PUNCT,,,,,,,,,,PUNCT,,,
37876,,,,,,,,,,,,,,,,,
37877,# sent = 2823,,,,,,,,,,,,,,,,У
37878,,Ну,НУ,PART,,,".   _Ну_ , я узнал",у,н,,,,,PART,НУ,PART,
37879,,",",",",PUNCT,,,,,,,,,,PUNCT,,,Я
37880,,я,Я,SPRO sg 1p - nom,,," Ну , _я_ узнал очень важную",я,,,,,,SPRO,Я,SPRO sg 1p - nom,Ь
37881,,узнал,УЗНАТЬ,V pf act praet sg indic m -,,,"Ну , я _узнал_ очень важную вещь",л,а,н,з,у,,V,УЗНАТЬ,V pf praet sg indic m -,Ь
37882,,очень,ОЧЕНЬ,ADV -,,,", я узнал _очень_ важную вещь :",ь,н,е,ч,о,,ADV,ОЧЕНЬ,ADV -,Й
37883,,важную,ВАЖНЫЙ,A - acc sg plen f -,,,я узнал очень _важную_ вещь : оказывается,ю,у,н,ж,а,в,A,ВАЖНЫЙ,A - acc sg plen f -,Ь
37884,,вещь,ВЕЩЬ,S f inan acc sg,,,"узнал очень важную _вещь_ : оказывается ,",ь,щ,е,в,,,S,ВЕЩЬ,S f inan acc sg,
37885,,:,:,PUNCT,,,,,,,,,,PUNCT,,,Я
37886,,оказывается,ОКАЗЫВАТЬСЯ,V ipf praes sg indic - 3p,,,"важную вещь : _оказывается_ , Нойз МС",я,с,т,е,а,в,V,ОКАЗЫВАТЬСЯ,V ipf praes sg indic - 3p,
37887,,",",",",PUNCT,,,,,,,,,,PUNCT,,,З
37888,,Нойз,НОЙЗ,S m anim nom sg,,,": оказывается , _Нойз_ МС делает не",з,й,о,н,,,S,НОЙЗ,S m anim nom sg,С
37889,,МС,МС,S m inan nom sg,,,"оказывается , Нойз _МС_ делает не проклятый",с,м,,,,,S,МС,S f inan nom sg,Ь
37890,,делает,ДЕЛАТЬ,V ipf act praes sg indic - 3p,,,", Нойз МС _делает_ не проклятый рэпчик",т,е,а,л,е,д,V,ДЕЛАТЬ,V ipf praes sg indic - 3p,Е
37891,,не,НЕ,PART,,,"Нойз МС делает _не_ проклятый рэпчик ,",е,н,,,,,PART,НЕ,PART,Й
37892,,проклятый,ПРОКЛЯТЫЙ,A - nom sg plen m -,,,"МС делает не _проклятый_ рэпчик , а",й,ы,т,я,л,к,A,ПРОКЛЯТЫЙ,A - nom sg plen m -,К
37893,,рэпчик,РЭПЧИК,S m inan nom sg,,,"делает не проклятый _рэпчик_ , а настоящий",к,и,ч,п,э,р,S,РЭПЧИК,S m inan nom sg,
37894,,",",",",PUNCT,,,,,,,,,,PUNCT,,,А
37895,,а,А,CONJ,,,"проклятый рэпчик , _а_ настоящий  рок",а,,,,,,CONJ,А,CONJ,Й
37896,,настоящий,НАСТОЯЩИЙ,A - nom sg plen m -,,,"рэпчик , а _настоящий_  рок -",й,и,щ,я,о,т,A,НАСТОЯЩИЙ,A - nom sg plen m -,
37897,"<distinct form=""",,,,,,,,,,,,,,,,
37898,<dist>,рок,,,,,,,,,,,,,,,
37899,<dist>,-,,,,,,,,,,,,,,,
37900,<dist>,к,,,,,,,,,,,,,,,
37901,""">",,,,,,,,,,,,,,,,К
37902,,рок,РОК,S m inan nom sg,,,"- к  _рок_   показывает жест ""коза""",к,о,р,,,,S,РОК,S m inan nom sg,
37903,</distinct>,,,,,,,,,,,,,,,,
37904,"<span class=""note"">",,,,,,,,,,,,,,,,
37905,<note>,"показывает жест ""коза""",,,,,,,,,,,,,,,
37906,</span>,,,,,,,,,,,,,,,,
37907,,.,.,PUNCT,,,,,,,,,,PUNCT,,,
37908,,,,,,,,,,,,,,,,,
37909,# sent = 2824,,,,,,,,,,,,,,,,И
37910,,И,И,CONJ,,,".   _И_ , неожиданно для",и,,,,,,CONJ,И,CONJ,
37911,,",",",",PUNCT,,,,,,,,,,PUNCT,,,О
37912,,неожиданно,НЕОЖИДАННО,ADV -,,," И , _неожиданно_ для себя ,",о,н,н,а,д,и,ADV,НЕОЖИДАННО,ADV -,Я
37913,,для,ДЛЯ,PR,,,"И , неожиданно _для_ себя , мне",я,л,д,,,,PR,ДЛЯ,PR,Я
37914,,себя,СЕБЯ,SPRO - - - acc,,,", неожиданно для _себя_ , мне ...",я,б,е,с,,,SPRO,СЕБЯ,SPRO - - - acc,
37915,,",",",",PUNCT,,,,,,,,,,PUNCT,,,Я
37916,,мне,Я,SPRO sg 1p - dat,,,"для себя , _мне_ ... мне ,",е,н,м,,,,SPRO,Я,SPRO sg 1p - dat,
37917,,...,...,PUNCT,,,,,,,,,,PUNCT,,,Я
37918,,мне,Я,SPRO sg 1p - dat,,,", мне ... _мне_ , честно говоря",е,н,м,,,,SPRO,Я,SPRO sg 1p - dat,
37919,,",",",",PUNCT,,,,,,,,,,PUNCT,,,О
37920,,честно,ЧЕСТНО,ADV -,,,"... мне , _честно_ говоря , чертовски",о,н,т,с,е,ч,ADV,ЧЕСТНО,ADV -,Ь
37921,,говоря,ГОВОРИТЬ,V ipf praes - ger - -,,,"мне , честно _говоря_ , чертовски понравилось",я,р,о,в,о,г,V,ГОВОРИТЬ,V ipf praes - ger - -,
37922,,",",",",PUNCT,,,,,,,,,,PUNCT,,,И
37923,,чертовски,ЧЕРТОВСКИ,ADV -,,,"честно говоря , _чертовски_ понравилось . ",и,к,с,в,о,т,ADV,ЧЕРТОВСКИ,ADV -,Я
37924,,понравилось,ПОНРАВИТЬСЯ,V pf act praet sg indic n -,,,"говоря , чертовски _понравилось_ .  ",ь,с,о,л,и,в,V,ПОНРАВИТЬСЯ,V pf praet sg indic n -,
37925,,.,.,PUNCT,,,,,,,,,,PUNCT,,,
37926,,,,,,,,,,,,,,,,,
37927,# sent = 2825,,,,,,,,,,,,,,,,Я
37928,,Я,Я,SPRO sg 1p - nom,,,.   _Я_ ... за концерт,я,,,,,,SPRO,Я,SPRO sg 1p - nom,
37929,,...,...,PUNCT,,,,,,,,,,PUNCT,,,А
37930,,за,ЗА,PR,,, Я ... _за_ концерт этого самого,а,з,,,,,PR,ЗА,PR,Т
37931,,концерт,КОНЦЕРТ,S m inan acc sg,,,Я ... за _концерт_ этого самого Нойза,т,р,е,ц,н,о,S,КОНЦЕРТ,S m inan acc sg,Т
37932,,этого,ЭТОТ,APRO - gen sg plen m -,,,... за концерт _этого_ самого Нойза МС,о,г,о,т,э,,APRO,ЭТОТ,A - gen sg plen m -,Й
37933,,самого,САМЫЙ,A - gen sg plen m -,,,за концерт этого _самого_ Нойза МС убил,о,г,о,м,а,с,A,САМЫЙ,A - gen sg plen m -,З
37934,,Нойза,НОЙЗ,S m anim acc sg,,,концерт этого самого _Нойза_ МС убил голос,а,з,й,о,н,,S,НОЙЗ,S m anim acc sg,С
37935,,МС,МС,S m inan acc sg,,,этого самого Нойза _МС_ убил голос и,с,м,,,,,S,МС,S f inan nom sg,Ь
37936,,убил,УБИТЬ,V pf act praet sg indic m -,,,самого Нойза МС _убил_ голос и сбросил,л,и,б,у,,,V,УБИТЬ,V pf praet sg indic m -,С
37937,,голос,ГОЛОС,S m inan acc sg,,,Нойза МС убил _голос_ и сбросил киллограмма,с,о,л,о,г,,S,ГОЛОС,S m inan nom sg,И
37938,,и,И,CONJ,,,МС убил голос _и_ сбросил киллограмма два,и,,,,,,CONJ,И,CONJ,Ь
37939,,сбросил,СБРОСИТЬ,V pf act praet sg indic m -,,,убил голос и _сбросил_ киллограмма два .,л,и,с,о,р,б,V,СБРОСИТЬ,V pf praet sg indic m -,А
37940,,киллограмма,КИЛЛОГРАММА,S f inan acc sg,,,голос и сбросил _киллограмма_ два . ,а,м,м,а,р,г,S,КИЛЛОГРАММА,S f inan acc sg,А
37941,,два,ДВА,NUM acc m inan,,,и сбросил киллограмма _два_ .  ,а,в,д,,,,NUM,ДВА,NUM acc m inan,
37942,,.,.,PUNCT,,,,,,,,,,PUNCT,,,
37943,,,,,,,,,,,,,,,,,
37944,# sent = 2826,,,,,,,,,,,,,,,,а
37945,,Несмотря на,Несмотря на,PR,,,".   _Несмотря на_ то , что",а,н, ,я,р,т,PR,Несмотря на,PR,О
37946,,то,ТО,SPRO n - acc sg,,,"  Несмотря на _то_ , что я",о,т,,,,,SPRO,ТО,S n inan acc sg,
37947,,",",",",PUNCT,,,,,,,,,,PUNCT,,,О
37948,,что,ЧТО,CONJ,,,"Несмотря на то , _что_ я не знал",о,т,ч,,,,CONJ,ЧТО,CONJ,Я
37949,,я,Я,SPRO sg 1p - nom,,,"то , что _я_ не знал слов",я,,,,,,SPRO,Я,SPRO sg 1p - nom,Е
37950,,не,НЕ,PART,,,", что я _не_ знал слов ,",е,н,,,,,PART,НЕ,PART,Ь
37951,,знал,ЗНАТЬ,V ipf act praet sg indic m -,,,"что я не _знал_ слов , я",л,а,н,з,,,V,ЗНАТЬ,V ipf praet sg indic m -,О
37952,,слов,СЛОВО,S n inan gen pl,,,"я не знал _слов_ , я ",в,о,л,с,,,S,СЛОВО,S n inan gen pl,
37953,,",",",",PUNCT,,,,,,,,,,PUNCT,,,Я
37954,,я,Я,SPRO sg 1p - nom,,,"знал слов , _я_  прктическь ",я,,,,,,SPRO,Я,SPRO sg 1p - nom,
37955,"<distinct form=""",,,,,,,,,,,,,,,,
37956,<dist>,прктическь,,,,,,,,,,,,,,,
37957,""">",,,,,,,,,,,,,,,,И
37958,,практически,ПРАКТИЧЕСКИ,ADV -,,, прктическь  _практически_  сразу ,и,к,с,е,ч,и,ADV,ПРАКТИЧЕСКИ,ADV -,
37959,</distinct>,,,,,,,,,,,,,,,,У
37960,,сразу,СРАЗУ,ADV -,,, практически  _сразу_  спаминал ,у,з,а,р,с,,ADV,СРАЗУ,ADV -,
37961,"<distinct form=""",,,,,,,,,,,,,,,,
37962,<dist>,спаминал,,,,,,,,,,,,,,,
37963,""">",,,,,,,,,,,,,,,,Ь
37964,,вспоминал,ВСПОМИНАТЬ,V ipf act praet sg indic m -,,, спаминал  _вспоминал_  какие-нибудь припевы,л,а,н,и,м,о,V,ВСПОМИНАТЬ,V ipf praet sg indic m -,
37965,</distinct>,,,,,,,,,,,,,,,,Ь
37966,,какие-нибудь,КАКОЙ-НИБУДЬ,APRO - acc pl plen - inan,,, вспоминал  _какие-нибудь_ припевы и орал,ь,д,у,б,и,н,APRO,КАКОЙ-НИБУДЬ,A - acc pl plen - inan,В
37967,,припевы,ПРИПЕВ,S m inan acc pl,,,"вспоминал  какие-нибудь _припевы_ и орал ,",ы,в,е,п,и,р,S,ПРИПЕВ,S m inan acc pl,И
37968,,и,И,CONJ,,," какие-нибудь припевы _и_ орал , гм",и,,,,,,CONJ,И,CONJ,Ь
37969,,орал,ОРАТЬ,V ipf act praet sg indic m -,,,"какие-нибудь припевы и _орал_ , гм .",л,а,р,о,,,V,ОРАТЬ,V ipf praet sg indic m -,
37970,,",",",",PUNCT,,,,,,,,,,PUNCT,,,М
37971,,гм,ГМ,INTJ,,,"и орал , _гм_ .  ",м,г,,,,,INTJ,ГМ,INTJ,
37972,,.,.,PUNCT,,,,,,,,,,PUNCT,,,
37973,,,,,,,,,,,,,,,,,
37974,# sent = 2827,,,,,,,,,,,,,,,,У
37975,,Ну,НУ,PART,,,".   _Ну_ , в общем",у,н,,,,,PART,НУ,PART,
37976,,",",",",PUNCT,,,,,,,,,,PUNCT,,,В
37977,,в,В,PR,,," Ну , _в_ общем , там",в,,,,,,PR,В,PR,Й
37978,,общем,ОБЩИЙ,A - loc sg plen m -,,,"Ну , в _общем_ , там было",м,е,щ,б,о,,A,ОБЩИЙ,A - loc sg plen m -,
37979,,",",",",PUNCT,,,,,,,,,,PUNCT,,,М
37980,,там,ТАМ,ADV -,,,"в общем , _там_ было очень хорошо",м,а,т,,,,ADV,ТАМ,ADV -,Ь
37981,,было,БЫТЬ,V ipf act praet sg indic n -,,,"общем , там _было_ очень хорошо ,",о,л,ы,б,,,V,БЫТЬ,V ipf praet sg indic n -,Ь
37982,,очень,ОЧЕНЬ,ADV -,,,", там было _очень_ хорошо , по",ь,н,е,ч,о,,ADV,ОЧЕНЬ,ADV -,Й
37983,,хорошо,ХОРОШИЙ,A - - sg brev n -,,,"там было очень _хорошо_ , по [",о,ш,о,р,о,х,A,ХОРОШИЙ,A - - sg brev n -,
37984,,",",",",PUNCT,,,,,,,,,,PUNCT,,,О
37985,,по,ПО,PR,,,"очень хорошо , _по_ [ нрзб ]",о,п,,,,,PR,ПО,PR,
37986,,[,[,PUNCT,,,,,,,,,,PUNCT,,,Б
37987,,нрзб,НРЗБ,NONLEX,,,", по [ _нрзб_ ] крайней мере",б,з,р,н,,,NONLEX,НРЗБ,NONLEX,
37988,,],],PUNCT,,,,,,,,,,PUNCT,,,Й
37989,,крайней,КРАЙНИЙ,A - dat sg plen f -,,,[ нрзб ] _крайней_ мере мне .,й,е,н,й,а,р,A,КРАЙНИЙ,A - dat sg plen f -,А
37990,,мере,МЕРА,S f inan dat sg,,,нрзб ] крайней _мере_ мне . ,е,р,е,м,,,S,МЕРА,S f inan dat sg,Я
37991,,мне,Я,SPRO sg 1p - dat,,,] крайней мере _мне_ .  ,е,н,м,,,,SPRO,Я,SPRO sg 1p - dat,
37992,,.,.,PUNCT,,,,,,,,,,PUNCT,,,
37993,,,,,,,,,,,,,,,,,
37994,# sent = 2828,,,,,,,,,,,,,,,,Е
37995,,Не,НЕ,PART,,,".   _Не_ ожидал , что",е,н,,,,,PART,НЕ,PART,Ь
37996,,ожидал,ОЖИДАТЬ,V ipf act praet sg indic m -,,,"  Не _ожидал_ , что мне",л,а,д,и,ж,о,V,ОЖИДАТЬ,V ipf praet sg indic m -,
37997,,",",",",PUNCT,,,,,,,,,,PUNCT,,,О
37998,,что,ЧТО,CONJ,,,"Не ожидал , _что_ мне так понравится",о,т,ч,,,,CONJ,ЧТО,CONJ,Я
37999,,мне,Я,SPRO sg 1p - dat,,,"ожидал , что _мне_ так понравится .",е,н,м,,,,SPRO,Я,SPRO sg 1p - dat,К
38000,,так,ТАК,ADV -,,,", что мне _так_ понравится . ",к,а,т,,,,ADV,ТАК,ADV -,Я
38001,,понравится,ПОНРАВИТЬСЯ,V pf act fut sg indic - ,,,что мне так _понравится_ .  ,я,с,т,и,в,а,V,ПОНРАВИТЬСЯ,V pf fut sg indic - 3p,
38002,,.,.,PUNCT,,,,,,,,,,PUNCT,,,
38003,,,,,,,,,,,,,,,,,
38004,# sent = 2829,,,,,,,,,,,,,,,,У
38005,,Ну,НУ,PART,,,.   _Ну_ ещё он классно,у,н,,,,,PART,НУ,PART,Е
38006,,ещё,ЕЩЕ,ADV -,,,  Ну _ещё_ он классно читает,ё,щ,е,,,,ADV,ЕЩЕ,ADV -,Н
38007,,он,ОН,SPRO sg 3p m nom,,, Ну ещё _он_ классно читает ,н,о,,,,,SPRO,ОН,SPRO sg 3p m nom,О
38008,,классно,КЛАССНО,ADV -,,,Ну ещё он _классно_ читает  .,о,н,с,с,а,л,ADV,КЛАССНО,ADV -,Ь
38009,,читает,ЧИТАТЬ,V ipf act praes sg indic - 3p,,,ещё он классно _читает_  . ,т,е,а,т,и,ч,V,ЧИТАТЬ,V ipf praes sg indic - 3p,
38010,<noindex>[нрзб]</noindex>,,,,,,,,,,,,,,,,
38011,,.,.,PUNCT,,,,,,,,,,PUNCT,,,
38012,,,,,,,,,,,,,,,,,
38013,# sent = 2830,,,,,,,,,,,,,,,,
38014,# speaker = Я,,,,,,,,,,,,,,,,
38015,# sent = 2831,,,,,,,,,,,,,,,,Э
38016,,Эээ,ЭЭЭ,NONLEX,,,"   _Эээ_ , Роман ,",э,э,э,,,,NONLEX,ЭЭЭ,NONLEX,
38017,,",",",",PUNCT,,,,,,,,,,PUNCT,,,Н
38018,,Роман,РОМАН,S m anim nom sg persn,,," Эээ , _Роман_ , вы можете",н,а,м,о,р,,S,РОМАН,S m inan nom sg,
38019,,",",",",PUNCT,,,,,,,,,,PUNCT,,,Ы
38020,,вы,ВЫ,SPRO pl 2p - nom,,,", Роман , _вы_ можете рассказать что-нибудь",ы,в,,,,,SPRO,ВЫ,SPRO pl 2p - nom,Ь
38021,,можете,МОЧЬ,V ipf act praes pl indic - 2p,,,"Роман , вы _можете_ рассказать что-нибудь ",е,т,е,ж,о,м,V,МОЧЬ,V ipf praes pl indic - 2p,Ь
38022,,рассказать,РАССКАЗАТЬ,V pf - - inf - -,,,", вы можете _рассказать_ что-нибудь  кашель",ь,т,а,з,а,к,V,РАССКАЗАТЬ,V pf - - inf - -,Ь
38023,,что-нибудь,ЧТО-НИБУДЬ,SPRO n inan acc sg,,,вы можете рассказать _что-нибудь_  кашель ,ь,д,у,б,и,н,SPRO,ЧТО-НИБУДЬ,S n - acc sg,
38024,"<span class=""note"">",,,,,,,,,,,,,,,,
38025,<note>,кашель,,,,,,,,,,,,,,,
38026,</span>,,,,,,,,,,,,,,,,О
38027,,про,ПРО,PR,,," кашель  _про_ контингент , который",о,р,п,,,,PR,ПРО,PR,Т
38028,,контингент,КОНТИНГЕНТ,S m inan acc sg,,,"кашель  про _контингент_ , который присутствовал",т,н,е,г,н,и,S,КОНТИНГЕНТ,S m inan acc sg,
38029,,",",",",PUNCT,,,,,,,,,,PUNCT,,,Й
38030,,который,КОТОРЫЙ,APRO - nom sg plen m -,,,"про контингент , _который_ присутствовал на концерте",й,ы,р,о,т,о,APRO,КОТОРЫЙ,A - nom sg plen m -,Ь
38031,,присутствовал,ПРИСУТСТВОВАТЬ,V ipf act praet sg indic m -,,,"контингент , который _присутствовал_ на концерте и",л,а,в,о,в,т,V,ПРИСУТСТВОВАТЬ,V ipf praet sg indic m -,А
38032,,на,НА,PR,,,", который присутствовал _на_ концерте и про",а,н,,,,,PR,НА,PR,Т
38033,,концерте,КОНЦЕРТ,S m inan loc sg,,,который присутствовал на _концерте_ и про ...,е,т,р,е,ц,н,S,КОНЦЕРТ,S m inan loc sg,И
38034,,и,И,CONJ,,,присутствовал на концерте _и_ про ... ооо,и,,,,,,CONJ,И,CONJ,О
38035,,про,ПРО,PR,,,на концерте и _про_ ... ооо ...,о,р,п,,,,PR,ПРО,PR,
38036,,...,...,PUNCT,,,,,,,,,,PUNCT,,,О
38037,,ооо,ООО,INTJ,,,и про ... _ооо_ ... общую атмосферу,о,о,о,,,,INTJ,ООО,S m inan nonflex -,
38038,,...,...,PUNCT,,,,,,,,,,PUNCT,,,Й
38039,,общую,ОБЩИЙ,A - acc sg plen f -,,,... ооо ... _общую_ атмосферу чуть побольше,ю,у,щ,б,о,,A,ОБЩИЙ,A - acc sg plen f -,А
38040,,атмосферу,АТМОСФЕРА,S f inan acc sg,,,ооо ... общую _атмосферу_ чуть побольше .,у,р,е,ф,с,о,S,АТМОСФЕРА,S f inan acc sg,Ь
38041,,чуть,ЧУТЬ,ADV -,,,... общую атмосферу _чуть_ побольше . ,ь,т,у,ч,,,ADV,ЧУТЬ,ADV -,О
38042,,побольше,МНОГО,ADV comp,,,общую атмосферу чуть _побольше_ .  ,е,ш,ь,л,о,б,ADV,МНОГО,ADV comp,
38043,,.,.,PUNCT,,,,,,,,,,PUNCT,,,
38044,,,,,,,,,,,,,,,,,
38045,# sent = 2832,,,,,,,,,,,,,,,,
38046,# speaker = Роман,,,,,,,,,,,,,,,,
38047,# sent = 2833,,,,,,,,,,,,,,,,Й
38048,,Общая,ОБЩИЙ,A - nom sg plen f -,,,   _Общая_ атмосфера ? ,я,а,щ,б,о,,A,ОБЩИЙ,A - nom sg plen f -,А
38049,,атмосфера,АТМОСФЕРА,S f inan nom sg,,,  Общая _атмосфера_ ?  ,а,р,е,ф,с,о,S,АТМОСФЕРА,S f inan nom sg,
38050,,?,?,PUNCT,,,,,,,,,,PUNCT,,,
38051,,,,,,,,,,,,,,,,,
38052,# sent = 2834,,,,,,,,,,,,,,,,Й
38053,,Счастливые,СЧАСТЛИВЫЙ,A - nom pl plen - -,,,?   _Счастливые_ люди  просты..,е,ы,в,и,л,т,A,СЧАСТЛИВЫЙ,A - nom pl plen - -,К
38054,,люди,ЧЕЛОВЕК,S m anim nom pl,,,  Счастливые _люди_  просты.. и,и,д,ю,л,,,S,ЧЕЛОВЕК,S m anim nom pl,
38055,"<distinct form=""",,,,,,,,,,,,,,,,
38056,<dist>,просты..,,,,,,,,,,,,,,,
38057,<dist>,и,,,,,,,,,,,,,,,
38058,""">",,,,,,,,,,,,,,,,О
38059,,просто,ПРОСТО,PART,,,просты.. и  _просто_  . ,о,т,с,о,р,п,PART,ПРОСТО,PART,
38060,</distinct>,,,,,,,,,,,,,,,,
38061,,.,.,PUNCT,,,,,,,,,,PUNCT,,,
38062,,,,,,,,,,,,,,,,,
38063,# sent = 2835,,,,,,,,,,,,,,,,У
38064,,Ну,НУ,PART,,,".   _Ну_ , большинству нравилось",у,н,,,,,PART,НУ,PART,
38065,,",",",",PUNCT,,,,,,,,,,PUNCT,,,О
38066,,большинству,БОЛЬШИНСТВО,S n inan dat sg,,," Ну , _большинству_ нравилось , ",у,в,т,с,н,и,S,БОЛЬШИНСТВО,S n inan dat sg,Я
38067,,нравилось,НРАВИТЬСЯ,V ipf act praet sg indic n -,,,"Ну , большинству _нравилось_ ,  ане",ь,с,о,л,и,в,V,НРАВИТЬСЯ,V ipf praet sg indic n -,
38068,,",",",",PUNCT,,,,,,,,,,PUNCT,,,
38069,"<distinct form=""",,,,,,,,,,,,,,,,
38070,<dist>,ане,,,,,,,,,,,,,,,
38071,""">",,,,,,,,,,,,,,,,И
38072,,они,ОНИ,SPRO pl - - nom,,, ане  _они_  все улыбались,и,н,о,,,,SPRO,ОНИ,SPRO pl - - nom,
38073,</distinct>,,,,,,,,,,,,,,,,Е
38074,,все,ВСЕ,S - - nom pl,,," они  _все_ улыбались , кричали",е,с,в,,,,S,ВСЕ,S - - nom pl,Я
38075,,улыбались,УЛЫБАТЬСЯ,V ipf act praet pl indic - -,,,"они  все _улыбались_ , кричали ,",ь,с,и,л,а,б,V,УЛЫБАТЬСЯ,V ipf praet pl indic - -,
38076,,",",",",PUNCT,,,,,,,,,,PUNCT,,,Ь
38077,,кричали,КРИЧАТЬ,V ipf act praet pl indic - -,,,"все улыбались , _кричали_ , пели ,",и,л,а,ч,и,р,V,КРИЧАТЬ,V ipf praet pl indic - -,
38078,,",",",",PUNCT,,,,,,,,,,PUNCT,,,Ь
38079,,пели,ПЕТЬ,V ipf act praet pl indic - -,,,", кричали , _пели_ , орали ,",и,л,е,п,,,V,ПЕТЬ,V ipf praet pl indic - -,
38080,,",",",",PUNCT,,,,,,,,,,PUNCT,,,Ь
38081,,орали,ОРАТЬ,V ipf act praet pl indic - -,,,", пели , _орали_ , так же как и",и,л,а,р,о,,V,ОРАТЬ,V ipf praet pl indic - -,
38082,,",",",",PUNCT,,,,,,,,,,PUNCT,,,к
38083,,так же как,так же как,CONJ,,,", орали , _так же как_ и я .",к,а,к, ,е,ж,CONJ,так же как,CONJ,И
38084,,и,И,CONJ,,,"орали , так же как _и_ я . ",и,,,,,,CONJ,И,CONJ,Я
38085,,я,Я,SPRO sg 1p - nom,,,", так же как и _я_ .  ",я,,,,,,SPRO,Я,SPRO sg 1p - nom,
38086,,.,.,PUNCT,,,,,,,,,,PUNCT,,,
38087,,,,,,,,,,,,,,,,,
38088,# sent = 2836,,,,,,,,,,,,,,,,
38089,"<distinct form=""",,,,,,,,,,,,,,,,
38090,<dist>,Вопщемта,,,,,,,,,,,,,,,
38091,""">",,,,,,,,,,,,,,,,В
38092,,В,В,PR,,, Вопщемта  _В_ общем - то,в,,,,,,PR,В,PR,Й
38093,,общем,ОБЩИЙ,A - loc sg plen m -,,,Вопщемта  В _общем_ - то ,м,е,щ,б,о,,A,ОБЩИЙ,A - loc sg plen m -,
38094,,-,-,PUNCT,,,,,,,,,,PUNCT,,,О
38095,,то,ТО,PART,,,В общем - _то_  ... ааа,о,т,,,,,PART,ТО,NONLEX,
38096,</distinct>,,,,,,,,,,,,,,,,
38097,,...,...,PUNCT,,,,,,,,,,PUNCT,,,А
38098,,ааа,ААА,INTJ,,,то  ... _ааа_ ... никакого ,а,а,а,,,,INTJ,ААА,S m inan nonflex -,
38099,,...,...,PUNCT,,,,,,,,,,PUNCT,,,Й
38100,,никакого,НИКАКОЙ,APRO - gen sg plen n -,,,... ааа ... _никакого_  в сторону ,о,г,о,к,а,к,APRO,НИКАКОЙ,A - gen sg plen n -,
38101,"<span class=""note"">",,,,,,,,,,,,,,,,
38102,<note>,в сторону,,,,,,,,,,,,,,,
38103,</span>,,,,,,,,,,,,,,,,
38104,,...,...,PUNCT,,,,,,,,,,PUNCT,,,Й
38105,,никакого,НИКАКОЙ,APRO - gen sg plen n -,,,в сторону  ... _никакого_ такого страшного агальства,о,г,о,к,а,к,APRO,НИКАКОЙ,A - gen sg plen n -,Й
38106,,такого,ТАКОЙ,APRO - gen sg plen m -,,, ... никакого _такого_ страшного агальства там,о,г,о,к,а,т,APRO,ТАКОЙ,A - gen sg plen m -,Й
38107,,страшного,СТРАШНЫЙ,A - gen sg plen m -,,,... никакого такого _страшного_ агальства там не,о,г,о,н,ш,а,A,СТРАШНЫЙ,A - gen sg plen m -,О
38108,,агальства,АГАЛЬСТВО,S n inan gen sg,,,никакого такого страшного _агальства_ там не происходило,а,в,т,с,ь,л,S,АГАЛЬСТВО,S m inan gen sg,М
38109,,там,ТАМ,ADV -,,,такого страшного агальства _там_ не происходило .,м,а,т,,,,ADV,ТАМ,ADV -,Е
38110,,не,НЕ,PART,,,страшного агальства там _не_ происходило . ,е,н,,,,,PART,НЕ,PART,Ь
38111,,происходило,ПРОИСХОДИТЬ,V ipf act praet sg indic n -,,,агальства там не _происходило_ .  ,о,л,и,д,о,х,V,ПРОИСХОДИТЬ,V ipf praet sg indic n -,
38112,,.,.,PUNCT,,,,,,,,,,PUNCT,,,
38113,,,,,,,,,,,,,,,,,
38114,# sent = 2837,,,,,,,,,,,,,,,,
38115,"<distinct form=""",,,,,,,,,,,,,,,,
38116,<dist>,Ни,,,,,,,,,,,,,,,
38117,""">",,,,,,,,,,,,,,,,Я
38118,,мне,Я,SPRO sg 1p - dat,,," Ни  _мне_  кажется ,",е,н,м,,,,SPRO,Я,SPRO sg 1p - dat,
38119,</distinct>,,,,,,,,,,,,,,,,Я
38120,,кажется,КАЗАТЬСЯ,V ipf act praes indic,,," мне  _кажется_ , даже пьяных",я,с,т,е,ж,а,ADV,КАЖЕТСЯ,ADV -,
38121,,",",",",PUNCT,,,,,,,,,,PUNCT,,,Е
38122,,даже,ДАЖЕ,PART,,," кажется , _даже_ пьяных было не",е,ж,а,д,,,PART,ДАЖЕ,PART,Й
38123,,пьяных,ПЬЯНЫЙ,A - acc pl plen - anim,,,"кажется , даже _пьяных_ было не особенно",х,ы,н,я,ь,п,A,ПЬЯНЫЙ,A - acc pl plen - anim,Ь
38124,,было,БЫТЬ,V ipf act praet sg indic n -,,,", даже пьяных _было_ не особенно много",о,л,ы,б,,,V,БЫТЬ,V ipf praet sg indic n -,Е
38125,,не,НЕ,PART,,,даже пьяных было _не_ особенно много .,е,н,,,,,PART,НЕ,PART,О
38126,,особенно,ОСОБЕННО,ADV -,,,пьяных было не _особенно_ много . ,о,н,н,е,б,о,ADV,ОСОБЕННО,ADV -,О
38127,,много,МНОГО,ADV -,,,было не особенно _много_ .  ,о,г,о,н,м,,ADV,МНОГО,ADV -,
38128,,.,.,PUNCT,,,,,,,,,,PUNCT,,,
38129,,,,,,,,,,,,,,,,,
38130,# sent = 2838,,,,,,,,,,,,,,,,Я
38131,,Я,Я,SPRO sg 1p - nom,,,".   _Я_ , по ",я,,,,,,SPRO,Я,SPRO sg 1p - nom,
38132,,",",",",PUNCT,,,,,,,,,,PUNCT,,,О
38133,,по,ПО,PR,,," Я , _по_  крайнимери ",о,п,,,,,PR,ПО,PR,
38134,"<distinct form=""",,,,,,,,,,,,,,,,
38135,<dist>,крайнимери,,,,,,,,,,,,,,,
38136,""">",,,,,,,,,,,,,,,,Й
38137,,крайней,КРАЙНИЙ,A - dat sg plen f -,,," крайнимери  _крайней_ мере  ,",й,е,н,й,а,р,A,КРАЙНИЙ,A - dat sg plen f -,А
38138,,мере,МЕРА,S f inan dat sg,,,"крайнимери  крайней _мере_  , не",е,р,е,м,,,S,МЕРА,S f inan dat sg,
38139,</distinct>,,,,,,,,,,,,,,,,
38140,,",",",",PUNCT,,,,,,,,,,PUNCT,,,Е
38141,,не,НЕ,PART,,,"мере  , _не_ заметил ни одного",е,н,,,,,PART,НЕ,PART,Ь
38142,,заметил,ЗАМЕТИТЬ,V pf act praet sg indic m -,,," , не _заметил_ ни одного ,",л,и,т,е,м,а,V,ЗАМЕТИТЬ,V pf praet sg indic m -,И
38143,,ни,НИ,PART,,,", не заметил _ни_ одного , но",и,н,,,,,PART,НИ,PART,Н
38144,,одного,ОДИН,ANUM - gen sg plen m -,,,"не заметил ни _одного_ , но вот",о,г,о,н,д,о,ANUM,ОДИН,A - gen sg plen m -,
38145,,",",",",PUNCT,,,,,,,,,,PUNCT,,,О
38146,,но,НО,CONJ,,,"ни одного , _но_ вот чтобы не",о,н,,,,,CONJ,НО,CONJ,Т
38147,,вот,ВОТ,PART,,,"одного , но _вот_ чтобы не было",т,о,в,,,,PART,ВОТ,PART,Ы
38148,,чтобы,ЧТОБЫ,CONJ,,,", но вот _чтобы_ не было ",ы,б,о,т,ч,,CONJ,ЧТОБЫ,CONJ,Е
38149,,не,НЕ,PART,,,но вот чтобы _не_ было  нядново,е,н,,,,,PART,НЕ,PART,Ь
38150,,было,БЫТЬ,V ipf act praet sg indic n -,,,вот чтобы не _было_  нядново ,о,л,ы,б,,,V,БЫТЬ,V ipf praet sg indic n -,
38151,"<distinct form=""",,,,,,,,,,,,,,,,
38152,<dist>,нядново,,,,,,,,,,,,,,,
38153,""">",,,,,,,,,,,,,,,,И
38154,,ни,НИ,CONJ,,, нядново  _ни_ одного  -,и,н,,,,,CONJ,НИ,CONJ,Н
38155,,одного,ОДИН,ANUM - gen sg plen m -,,,нядново  ни _одного_  - это,о,г,о,н,д,о,ANUM,ОДИН,A - gen sg plen m -,
38156,</distinct>,,,,,,,,,,,,,,,,
38157,,-,-,PUNCT,,,,,,,,,,PUNCT,,,О
38158,,это,ЭТО,SPRO n - nom sg,,,одного  - _это_ скорее невозможно .,о,т,э,,,,SPRO,ЭТО,S n - nom sg,О
38159,,скорее,СКОРО,ADV comp,,, - это _скорее_ невозможно . ,е,е,р,о,к,с,ADV,СКОРО,ADV comp,О
38160,,невозможно,НЕВОЗМОЖНО,ADV -,,,- это скорее _невозможно_ .  ,о,н,ж,о,м,з,ADV,НЕВОЗМОЖНО,ADV -,
38161,,.,.,PUNCT,,,,,,,,,,PUNCT,,,
38162,,,,,,,,,,,,,,,,,
38163,# sent = 2839,,,,,,,,,,,,,,,,Е
38164,,Некоторым,НЕКОТОРЫЕ,S - - dat pl,,,.   _Некоторым_ было откровенно ,м,ы,р,о,т,о,S,НЕКОТОРЫЕ,S - - dat pl,Ь
38165,,было,БЫТЬ,V ipf act praet sg indic n -,,,  Некоторым _было_ откровенно  скучна,о,л,ы,б,,,V,БЫТЬ,V ipf praet sg indic n -,О
38166,,откровенно,ОТКРОВЕННО,ADV -,,, Некоторым было _откровенно_  скучна ,о,н,н,е,в,о,ADV,ОТКРОВЕННО,ADV -,
38167,"<distinct form=""",,,,,,,,,,,,,,,,
38168,<dist>,скучна,,,,,,,,,,,,,,,
38169,""">",,,,,,,,,,,,,,,,О
38170,,скучно,СКУЧНО,ADV -,,, скучна  _скучно_  . ,о,н,ч,у,к,с,ADV,СКУЧНО,ADV -,
38171,</distinct>,,,,,,,,,,,,,,,,
38172,,.,.,PUNCT,,,,,,,,,,PUNCT,,,
38173,,,,,,,,,,,,,,,,,
38174,# sent = 2840,,,,,,,,,,,,,,,,А
38175,,Охрана,ОХРАНА,S f inan nom sg,,,.   _Охрана_ всё время прессовала,а,н,а,р,х,о,S,ОХРАНА,S f inan nom sg,Ь
38176,,всё,ВЕСЬ,APRO - nom pl plen - -,,,  Охрана _всё_ время прессовала кого-то,ё,с,в,,,,APRO,ВЕСЬ,A - nom pl plen - -,Я
38177,,время,ВРЕМЯ,S n inan acc sg,,, Охрана всё _время_ прессовала кого-то за,я,м,е,р,в,,S,ВРЕМЯ,S n inan acc sg,Ь
38178,,прессовала,ПРЕССОВАТЬ,V ipf act praet sg indic f -,,,Охрана всё время _прессовала_ кого-то за то,а,л,а,в,о,с,V,ПРЕССОВАТЬ,V ipf praet sg indic f -,О
38179,,кого-то,КТО-ТО,SPRO m - acc sg,,,"всё время прессовала _кого-то_ за то ,",о,т,-,о,г,о,S,КТО-ТО,S m - acc sg,А
38180,,за,ЗА,PR,,,"время прессовала кого-то _за_ то , что",а,з,,,,,PR,ЗА,PR,О
38181,,то,ТО,SPRO n - acc sg,,,"прессовала кого-то за _то_ , что переле",о,т,,,,,SPRO,ТО,S n - acc sg,
38182,,",",",",PUNCT,,,,,,,,,,PUNCT,,,О
38183,,что,ЧТО,CONJ,,,"за то , _что_ переле  показывает жест - полукруг рукой",о,т,ч,,,,CONJ,ЧТО,CONJ,Ь
38184,,переле,ПЕРЕЛЬ,NONLEX,,,"то , что _переле_  показывает жест - полукруг рукой ",е,л,е,р,е,п,S,ПЕРЕЛЬ,S m inan loc sg,
38185,"<span class=""note"">",,,,,,,,,,,,,,,,
38186,<note>,показывает жест - полукруг рукой,,,,,,,,,,,,,,,
38187,</span>,,,,,,,,,,,,,,,,
38188,,...,...,PUNCT,,,,,,,,,,PUNCT,,,Ь
38189,,перелезали,ПЕРЕЛЕЗАТЬ,V ipf act praet pl indic - -,,,показывает жест - полукруг рукой  ... _перелезали_ через ограду .,и,л,а,з,е,л,V,ПЕРЕЛЕЗАТЬ,V ipf praet pl indic - -,З
38190,,через,ЧЕРЕЗ,PR,,, ... перелезали _через_ ограду . ,з,е,р,е,ч,,PR,ЧЕРЕЗ,PR,А
38191,,ограду,ОГРАДА,S f inan acc sg,,,... перелезали через _ограду_ .  ,у,д,а,р,г,о,S,ОГРАДА,S f inan acc sg,
38192,,.,.,PUNCT,,,,,,,,,,PUNCT,,,
38193,,,,,,,,,,,,,,,,,
38194,# sent = 2841,,,,,,,,,,,,,,,,Я
38195,,Мне,Я,SPRO sg 1p - dat,,,.   _Мне_ это удалось сделать,е,н,м,,,,SPRO,Я,SPRO sg 1p - dat,О
38196,,это,ЭТО,SPRO n - nom sg,,,  Мне _это_ удалось сделать безболезненно,о,т,э,,,,SPRO,ЭТО,S n - nom sg,Я
38197,,удалось,УДАТЬСЯ,V pf act praet sg indic n -,,," Мне это _удалось_ сделать безболезненно ,",ь,с,о,л,а,д,V,УДАТЬСЯ,V pf praet sg indic n -,Ь
38198,,сделать,СДЕЛАТЬ,V pf - - inf - -,,,"Мне это удалось _сделать_ безболезненно , ",ь,т,а,л,е,д,V,СДЕЛАТЬ,V pf - - inf - -,О
38199,,безболезненно,БЕЗБОЛЕЗНЕННО,ADV -,,,"это удалось сделать _безболезненно_ ,  кщастью",о,н,н,е,н,з,ADV,БЕЗБОЛЕЗНЕННО,ADV -,
38200,,",",",",PUNCT,,,,,,,,,,PUNCT,,,
38201,"<distinct form=""",,,,,,,,,,,,,,,,
38202,<dist>,кщастью,,,,,,,,,,,,,,,
38203,""">",,,,,,,,,,,,,,,,К
38204,,к,К,PR,,, кщастью  _к_ счастью  .,к,,,,,,PR,К,PR,Е
38205,,счастью,СЧАСТЬЕ,S n inan dat sg,,,кщастью  к _счастью_  . ,ю,ь,т,с,а,ч,S,СЧАСТЬЕ,S n inan dat sg,
38206,</distinct>,,,,,,,,,,,,,,,,
38207,,.,.,PUNCT,,,,,,,,,,PUNCT,,,
38208,,,,,,,,,,,,,,,,,
38209,# sent = 2842,,,,,,,,,,,,,,,,У
38210,,Ну,НУ,PART,,,".   _Ну_ , в целом",у,н,,,,,PART,НУ,PART,
38211,,",",",",PUNCT,,,,,,,,,,PUNCT,,,В
38212,,в,В,PR,,," Ну , _в_ целом , атмосфера",в,,,,,,PR,В,PR,Е
38213,,целом,ЦЕЛОЕ,S n inan loc sg,,,"Ну , в _целом_ , атмосфера была",м,о,л,е,ц,,S,ЦЕЛОЕ,S n inan loc sg,
38214,,",",",",PUNCT,,,,,,,,,,PUNCT,,,А
38215,,атмосфера,АТМОСФЕРА,S f inan nom sg,,,"в целом , _атмосфера_ была максимально дружелюбная",а,р,е,ф,с,о,S,АТМОСФЕРА,S f inan nom sg,Ь
38216,,была,БЫТЬ,V ipf act praet sg indic f -,,,"целом , атмосфера _была_ максимально дружелюбная .",а,л,ы,б,,,V,БЫТЬ,V ipf praet sg indic f -,О
38217,,максимально,МАКСИМАЛЬНО,ADV -,,,", атмосфера была _максимально_ дружелюбная . ",о,н,ь,л,а,м,ADV,МАКСИМАЛЬНО,ADV -,Й
38218,,дружелюбная,ДРУЖЕЛЮБНЫЙ,A - nom sg plen f -,,,атмосфера была максимально _дружелюбная_ .  ,я,а,н,б,ю,л,A,ДРУЖЕЛЮБНЫЙ,A - nom sg plen f -,
38219,,.,.,PUNCT,,,,,,,,,,PUNCT,,,
38220,,,,,,,,,,,,,,,,,
38221,# sent = 2843,,,,,,,,,,,,,,,,У
38222,,Ну,НУ,PART,,,".   _Ну_ , концерт -",у,н,,,,,PART,НУ,PART,
38223,,",",",",PUNCT,,,,,,,,,,PUNCT,,,Т
38224,,концерт,КОНЦЕРТ,S m inan nom sg,,," Ну , _концерт_ - это вообще",т,р,е,ц,н,о,S,КОНЦЕРТ,S m inan acc sg,
38225,,-,-,PUNCT,,,,,,,,,,PUNCT,,,О
38226,,это,ЭТО,SPRO n - nom sg,,,", концерт - _это_ вообще такая интимная",о,т,э,,,,SPRO,ЭТО,S n - nom sg,Е
38227,,вообще,ВООБЩЕ,ADV -,,,концерт - это _вообще_ такая интимная вещь,е,щ,б,о,о,в,ADV,ВООБЩЕ,ADV -,Й
38228,,такая,ТАКОЙ,APRO - nom sg plen f -,,,"- это вообще _такая_ интимная вещь ,",я,а,к,а,т,,APRO,ТАКОЙ,A - nom sg plen f -,Й
38229,,интимная,ИНТИМНЫЙ,A - nom sg plen f -,,,"это вообще такая _интимная_ вещь , люди",я,а,н,м,и,т,A,ИНТИМНЫЙ,A - nom sg plen f -,Ь
38230,,вещь,ВЕЩЬ,S f inan acc sg,,,"вообще такая интимная _вещь_ , люди сливаются",ь,щ,е,в,,,S,ВЕЩЬ,S f inan nom sg,
38231,,",",",",PUNCT,,,,,,,,,,PUNCT,,,К
38232,,люди,ЧЕЛОВЕК,S m anim nom pl,,,"интимная вещь , _люди_ сливаются в что-то",и,д,ю,л,,,S,ЧЕЛОВЕК,S m anim nom pl,Я
38233,,сливаются,СЛИВАТЬСЯ,V ipf act praes pl indic - 3p,,,"вещь , люди _сливаются_ в что-то одно",я,с,т,ю,а,в,V,СЛИВАТЬСЯ,V ipf praes pl indic - 3p,В
38234,,в,В,PR,,,", люди сливаются _в_ что-то одно ,",в,,,,,,PR,В,PR,О
38235,,что-то,ЧТО-ТО,SPRO n inan acc sg,,,"люди сливаются в _что-то_ одно , такое",о,т,-,о,т,ч,SPRO,ЧТО-ТО,S n - acc sg,Н
38236,,одно,ОДИН,ANUM - nom sg plen n -,,,"сливаются в что-то _одно_ , такое большое",о,н,д,о,,,ANUM,ОДИН,A - nom sg plen n -,
38237,,",",",",PUNCT,,,,,,,,,,PUNCT,,,Й
38238,,такое,ТАКОЙ,APRO - nom sg plen n -,,,"что-то одно , _такое_ большое , органическое",е,о,к,а,т,,APRO,ТАКОЙ,A - nom sg plen n -,Й
38239,,большое,БОЛЬШОЙ,A - nom sg plen n -,,,"одно , такое _большое_ , органическое и",е,о,ш,ь,л,о,A,БОЛЬШОЙ,A - nom sg plen n -,
38240,,",",",",PUNCT,,,,,,,,,,PUNCT,,,Й
38241,,органическое,ОРГАНИЧЕСКИЙ,A - nom sg plen n -,,,"такое большое , _органическое_ и духовное .",е,о,к,с,е,ч,A,ОРГАНИЧЕСКИЙ,A - nom sg plen n -,И
38242,,и,И,CONJ,,,"большое , органическое _и_ духовное . ",и,,,,,,CONJ,И,CONJ,Й
38243,,духовное,ДУХОВНЫЙ,A - nom sg plen n -,,,", органическое и _духовное_ .  ",е,о,н,в,о,х,A,ДУХОВНЫЙ,A - nom sg plen n -,
38244,,.,.,PUNCT,,,,,,,,,,PUNCT,,,
38245,,,,,,,,,,,,,,,,,
38246,# sent = 2844,,,,,,,,,,,,,,,,Й
38247,,Хорошая,ХОРОШИЙ,A - nom sg plen f -,,,".   _Хорошая_ была атмосфера ,",я,а,ш,о,р,о,A,ХОРОШИЙ,A - nom sg plen f -,Ь
38248,,была,БЫТЬ,V ipf act praet sg indic f -,,,"  Хорошая _была_ атмосфера , дружелюбная",а,л,ы,б,,,V,БЫТЬ,V ipf praet sg indic f -,А
38249,,атмосфера,АТМОСФЕРА,S f inan nom sg,,," Хорошая была _атмосфера_ , дружелюбная .",а,р,е,ф,с,о,S,АТМОСФЕРА,S f inan nom sg,
38250,,",",",",PUNCT,,,,,,,,,,PUNCT,,,Й
38251,,дружелюбная,ДРУЖЕЛЮБНЫЙ,A - nom sg plen f -,,,"была атмосфера , _дружелюбная_ .  ",я,а,н,б,ю,л,A,ДРУЖЕЛЮБНЫЙ,A - nom sg plen f -,
38252,,.,.,PUNCT,,,,,,,,,,PUNCT,,,
38253,,,,,,,,,,,,,,,,,
38254,# sent = 2845,,,,,,,,,,,,,,,,
38255,# speaker = Я,,,,,,,,,,,,,,,,
38256,# sent = 2846,,,,,,,,,,,,,,,,О
38257,,Ооо,ООО,NONLEX,,,   _Ооо_ ...  ,о,о,о,,,,INTJ,ООО,S n inan nonflex -,
38258,,...,...,PUNCT,,,,,,,,,,PUNCT,,,
38259,,,,,,,,,,,,,,,,,
38260,# sent = 2847,,,,,,,,,,,,,,,,О
38261,,Прекрасно,ПРЕКРАСНО,ADV -,,,...   _Прекрасно_ .  ,о,н,с,а,р,к,ADV,ПРЕКРАСНО,ADV -,
38262,,.,.,PUNCT,,,,,,,,,,PUNCT,,,
38263,,,,,,,,,,,,,,,,,
38264,# sent = 2848,,,,,,,,,,,,,,,,Ь
38265,,Можете,МОЧЬ,V ipf act praes pl indic - 2p,,,.   _Можете_ вкратце рассказать про,е,т,е,ж,о,м,V,МОЧЬ,V ipf praes pl indic - 2p,Е
38266,,вкратце,ВКРАТЦЕ,ADV -,,,  Можете _вкратце_ рассказать про ,е,ц,т,а,р,к,ADV,ВКРАТЦЕ,ADV -,Ь
38267,,рассказать,РАССКАЗАТЬ,V pf - - inf - -,,, Можете вкратце _рассказать_ про  имьна,ь,т,а,з,а,к,V,РАССКАЗАТЬ,V pf - - inf - -,О
38268,,про,ПРО,PR,,,Можете вкратце рассказать _про_  имьна ,о,р,п,,,,PR,ПРО,PR,
38269,"<distinct form=""",,,,,,,,,,,,,,,,
38270,<dist>,имьна,,,,,,,,,,,,,,,
38271,""">",,,,,,,,,,,,,,,,О
38272,,именно,ИМЕННО,PART,,," имьна  _именно_  сам """,о,н,н,е,м,и,PART,ИМЕННО,PART,
38273,</distinct>,,,,,,,,,,,,,,,,М
38274,,сам,САМ,A - nom sg plen m -,,," именно  _сам_ "" День Вышки",м,а,с,,,,A,САМ,A - nom sg plen m -,
38275,,"""","""",PUNCT,,,,,,,,,,PUNCT,,,Ь
38276,,День,ДЕНЬ,S m inan acc sg,,," сам "" _День_ Вышки "" и",ь,н,е,д,,,S,ДЕНЬ,S m inan nom sg,А
38277,,Вышки,ВЫШКА,S f inan gen sg,,,"сам "" День _Вышки_ "" и что",и,к,ш,ы,в,,S,ВЫШКА,S f inan acc pl,
38278,,"""","""",PUNCT,,,,,,,,,,PUNCT,,,И
38279,,и,И,CONJ,,,"День Вышки "" _и_ что там было",и,,,,,,CONJ,И,CONJ,О
38280,,что,ЧТО,CONJ,,,"Вышки "" и _что_ там было помимо",о,т,ч,,,,CONJ,ЧТО,CONJ,М
38281,,там,ТАМ,ADV -,,,""" и что _там_ было помимо концерта",м,а,т,,,,ADV,ТАМ,ADV -,Ь
38282,,было,БЫТЬ,V ipf act praet sg indic n -,,,и что там _было_ помимо концерта ?,о,л,ы,б,,,V,БЫТЬ,V ipf praet sg indic n -,О
38283,,помимо,ПОМИМО,PR,,,что там было _помимо_ концерта ? ,о,м,и,м,о,п,PR,ПОМИМО,PR,Т
38284,,концерта,КОНЦЕРТ,S m inan gen sg,,,там было помимо _концерта_ ?  ,а,т,р,е,ц,н,S,КОНЦЕРТ,S m inan gen sg,
38285,,?,?,PUNCT,,,,,,,,,,PUNCT,,,
38286,,,,,,,,,,,,,,,,,
38287,# sent = 2849,,,,,,,,,,,,,,,,
38288,# speaker = Роман,,,,,,,,,,,,,,,,
38289,# sent = 2850,,,,,,,,,,,,,,,,
38290,"<span class=""note"">",,,,,,,,,,,,,,,,
38291,<note>,смеётся,,,,,,,,,,,,,,,
38292,</span>,,,,,,,,,,,,,,,,О
38293,,Честно,ЧЕСТНО,ADV -,,, смеётся  _Честно_  гваря ,о,н,т,с,е,ч,ADV,ЧЕСТНО,ADV -,
38294,"<distinct form=""",,,,,,,,,,,,,,,,
38295,<dist>,гваря,,,,,,,,,,,,,,,
38296,""">",,,,,,,,,,,,,,,,Ь
38297,,говоря,ГОВОРИТЬ,V ipf praes - ger - -,,," гваря  _говоря_  , я",я,р,о,в,о,г,V,ГОВОРИТЬ,V ipf praes - ger - -,
38298,</distinct>,,,,,,,,,,,,,,,,
38299,,",",",",PUNCT,,,,,,,,,,PUNCT,,,Я
38300,,я,Я,SPRO sg 1p - nom,,,"говоря  , _я_ не  резко поворачивает голову",я,,,,,,SPRO,Я,SPRO sg 1p - nom,Е
38301,,не,НЕ,PART,,," , я _не_  резко поворачивает голову ",е,н,,,,,PART,НЕ,PART,
38302,"<span class=""note"">",,,,,,,,,,,,,,,,
38303,<note>,резко поворачивает голову,,,,,,,,,,,,,,,
38304,</span>,,,,,,,,,,,,,,,,Я
38305,,занимался,ЗАНИМАТЬСЯ,V ipf act praet sg indic m -,,," резко поворачивает голову  _занимался_ на "" День",я,с,л,а,м,и,V,ЗАНИМАТЬСЯ,V ipf praet sg indic m -,А
38306,,на,НА,PR,,,"резко поворачивает голову  занимался _на_ "" День Вышки",а,н,,,,,PR,НА,PR,
38307,,"""","""",PUNCT,,,,,,,,,,PUNCT,,,Ь
38308,,День,ДЕНЬ,S m inan acc sg,,,"занимался на "" _День_ Вышки "" ничем",ь,н,е,д,,,S,ДЕНЬ,S m inan nom sg,А
38309,,Вышки,ВЫШКА,S f inan gen sg,,,"на "" День _Вышки_ "" ничем особенным",и,к,ш,ы,в,,S,ВЫШКА,S f inan acc pl,
38310,,"""","""",PUNCT,,,,,,,,,,PUNCT,,,О
38311,,ничем,НИЧТО,SPRO n inan ins sg,,,"День Вышки "" _ничем_ особенным . ",м,е,ч,и,н,,SPRO,НИЧТО,S n - ins sg,Й
38312,,особенным,ОСОБЕННЫЙ,A - ins sg plen n -,,,"Вышки "" ничем _особенным_ .  ",м,ы,н,н,е,б,A,ОСОБЕННЫЙ,A - ins sg plen n -,
38313,,.,.,PUNCT,,,,,,,,,,PUNCT,,,
38314,,,,,,,,,,,,,,,,,
38315,# sent = 2851,,,,,,,,,,,,,,,,Я
38316,,Я,Я,SPRO sg 1p - nom,,,.   _Я_ хотел  диствительна,я,,,,,,SPRO,Я,SPRO sg 1p - nom,Ь
38317,,хотел,ХОТЕТЬ,V ipf act praet sg indic m -,,,  Я _хотел_  диствительна ,л,е,т,о,х,,V,ХОТЕТЬ,V ipf praet sg indic m -,
38318,"<distinct form=""",,,,,,,,,,,,,,,,
38319,<dist>,диствительна,,,,,,,,,,,,,,,
38320,""">",,,,,,,,,,,,,,,,О
38321,,действительно,ДЕЙСТВИТЕЛЬНО,ADV -,,, диствительна  _действительно_  принять участие,о,н,ь,л,е,т,ADV,ДЕЙСТВИТЕЛЬНО,ADV -,
38322,</distinct>,,,,,,,,,,,,,,,,Ь
38323,,принять,ПРИНЯТЬ,V pf - - inf - -,,, действительно  _принять_ участие в ,ь,т,я,н,и,р,V,ПРИНЯТЬ,V pf - - inf - -,Е
38324,,участие,УЧАСТИЕ,S n inan acc sg,,,действительно  принять _участие_ в  нектрых,е,и,т,с,а,ч,S,УЧАСТИЕ,S n inan acc sg,В
38325,,в,В,PR,,, принять участие _в_  нектрых ,в,,,,,,PR,В,PR,
38326,"<distinct form=""",,,,,,,,,,,,,,,,
38327,<dist>,нектрых,,,,,,,,,,,,,,,
38328,""">",,,,,,,,,,,,,,,,Й
38329,,некоторых,НЕКОТОРЫЙ,APRO - gen pl plen - -,,," нектрых  _некоторых_  мероприятиях ,",х,ы,р,о,т,о,APRO,НЕКОТОРЫЙ,A - gen pl plen - -,
38330,</distinct>,,,,,,,,,,,,,,,,Е
38331,,мероприятиях,МЕРОПРИЯТИЕ,S n inan loc pl,,," некоторых  _мероприятиях_ , но ,",х,я,и,т,я,и,S,МЕРОПРИЯТИЕ,S n inan loc pl,
38332,,",",",",PUNCT,,,,,,,,,,PUNCT,,,О
38333,,но,НО,CONJ,,," мероприятиях , _но_ , к сожалению",о,н,,,,,CONJ,НО,CONJ,
38334,,",",",",PUNCT,,,,,,,,,,PUNCT,,,К
38335,,к,К,PR,,,", но , _к_ сожалению , всё",к,,,,,,PR,К,PR,Е
38336,,сожалению,СОЖАЛЕНИЕ,S n inan dat sg,,,"но , к _сожалению_ , всё моё",ю,и,н,е,л,а,S,СОЖАЛЕНИЕ,S n inan dat sg,
38337,,",",",",PUNCT,,,,,,,,,,PUNCT,,,Ь
38338,,всё,ВЕСЬ,APRO - nom pl plen - -,,,"к сожалению , _всё_ моё время ушло",ё,с,в,,,,APRO,ВЕСЬ,A - nom pl plen - -,Й
38339,,моё,МОЙ,APRO - nom sg plen n -,,,"сожалению , всё _моё_ время ушло на",ё,о,м,,,,APRO,МОЙ,A - nom sg plen n -,Я
38340,,время,ВРЕМЯ,S n inan acc sg,,,", всё моё _время_ ушло на ловлю",я,м,е,р,в,,S,ВРЕМЯ,S n inan acc sg,И
38341,,ушло,УЙТИ,V pf act praet sg indic n -,,,всё моё время _ушло_ на ловлю уток,о,л,ш,у,,,V,УЙТИ,V pf praet sg indic n -,А
38342,,на,НА,PR,,,моё время ушло _на_ ловлю уток .,а,н,,,,,PR,НА,PR,Я
38343,,ловлю,ЛОВЛЯ,S f inan acc sg,,,время ушло на _ловлю_ уток . ,ю,л,в,о,л,,V,ЛОВИТЬ,V ipf praes sg indic - 1p,А
38344,,уток,УТКА,S f anim acc pl,,,ушло на ловлю _уток_ .  ,к,о,т,у,,,S,УТКА,S f anim acc pl,
38345,,.,.,PUNCT,,,,,,,,,,PUNCT,,,
38346,,,,,,,,,,,,,,,,,
38347,# sent = 2852,,,,,,,,,,,,,,,,Е
38348,,Не,НЕ,PART,,,.   _Не_ хотелось  па,е,н,,,,,PART,НЕ,PART,Я
38349,,хотелось,ХОТЕТЬСЯ,V ipf med praet sg indic n -,,,  Не _хотелось_  па ,ь,с,о,л,е,т,V,ХОТЕТЬСЯ,V ipf praet sg indic n -,
38350,"<distinct form=""",,,,,,,,,,,,,,,,
38351,<dist>,па,,,,,,,,,,,,,,,
38352,""">",,,,,,,,,,,,,,,,Ы
38353,,бы,БЫ,PART,,, па  _бы_  вдаваться в,ы,б,,,,,PART,БЫ,PART,
38354,</distinct>,,,,,,,,,,,,,,,,Я
38355,,вдаваться,ВДАВАТЬСЯ,V ipf - - inf - -,,, бы  _вдаваться_ в подробности .,я,с,ь,т,а,в,V,ВДАВАТЬСЯ,V ipf - - inf - -,В
38356,,в,В,PR,,,бы  вдаваться _в_ подробности . ,в,,,,,,PR,В,PR,Ь
38357,,подробности,ПОДРОБНОСТЬ,S f inan acc pl,,, вдаваться в _подробности_ .  ,и,т,с,о,н,б,S,ПОДРОБНОСТЬ,S f inan acc pl,
38358,,.,.,PUNCT,,,,,,,,,,PUNCT,,,
38359,,,,,,,,,,,,,,,,,
38360,# sent = 2853,,,,,,,,,,,,,,,,О
38361,,Но,НО,CONJ,,,".   _Но_ , к сожалению",о,н,,,,,CONJ,НО,CONJ,
38362,,",",",",PUNCT,,,,,,,,,,PUNCT,,,К
38363,,к,К,PR,,," Но , _к_ сожалению , я",к,,,,,,PR,К,PR,Е
38364,,сожалению,СОЖАЛЕНИЕ,S n inan dat sg,,,"Но , к _сожалению_ , я не",ю,и,н,е,л,а,S,СОЖАЛЕНИЕ,S n inan dat sg,
38365,,",",",",PUNCT,,,,,,,,,,PUNCT,,,Я
38366,,я,Я,SPRO sg 1p - nom,,,"к сожалению , _я_ не тот ",я,,,,,,SPRO,Я,SPRO sg 1p - nom,Е
38367,,не,НЕ,PART,,,"сожалению , я _не_ тот  члоэк",е,н,,,,,PART,НЕ,PART,Т
38368,,тот,ТОТ,APRO - nom sg plen m -,,,", я не _тот_  члоэк ",т,о,т,,,,APRO,ТОТ,A - nom sg plen m -,
38369,"<distinct form=""",,,,,,,,,,,,,,,,
38370,<dist>,члоэк,,,,,,,,,,,,,,,
38371,""">",,,,,,,,,,,,,,,,К
38372,,человек,ЧЕЛОВЕК,S m anim nom sg,,," члоэк  _человек_  , ",к,е,в,о,л,е,S,ЧЕЛОВЕК,S m anim gen pl,
38373,</distinct>,,,,,,,,,,,,,,,,
38374,,",",",",PUNCT,,,,,,,,,,PUNCT,,,
38375,"<distinct form=""",,,,,,,,,,,,,,,,
38376,<dist>,кторый,,,,,,,,,,,,,,,
38377,""">",,,,,,,,,,,,,,,,Й
38378,,который,КОТОРЫЙ,APRO - nom sg plen m -,,, кторый  _который_  мог бы,й,ы,р,о,т,о,APRO,КОТОРЫЙ,A - nom sg plen m -,
38379,</distinct>,,,,,,,,,,,,,,,,Ь
38380,,мог,МОЧЬ,V ipf act praet sg indic m -,,, который  _мог_ бы  о,г,о,м,,,,V,МОЧЬ,V ipf praet sg indic m -,Ы
38381,,бы,БЫ,PART,,,"который  мог _бы_  о """,ы,б,,,,,PART,БЫ,PART,
38382,<noindex>[нрзб]</noindex>,,,,,,,,,,,,,,,,О
38383,,о,О,PR,,,"мог бы  _о_ "" Дне Вышки",о,,,,,,PR,О,PR,
38384,,"""","""",PUNCT,,,,,,,,,,PUNCT,,,Ь
38385,,Дне,ДЕНЬ,S m inan loc sg,,," о "" _Дне_ Вышки "" рассказать",е,н,д,,,,S,ДЕНЬ,S m inan gen sg,А
38386,,Вышки,ВЫШКА,S f inan gen sg,,,"о "" Дне _Вышки_ "" рассказать что-то",и,к,ш,ы,в,,S,ВЫШКА,S f inan acc pl,
38387,,"""","""",PUNCT,,,,,,,,,,PUNCT,,,Ь
38388,,рассказать,РАССКАЗАТЬ,V pf - - inf - -,,,"Дне Вышки "" _рассказать_ что-то действительно ",ь,т,а,з,а,к,V,РАССКАЗАТЬ,V pf - - inf - -,О
38389,,что-то,ЧТО-ТО,SPRO n inan acc sg,,,"Вышки "" рассказать _что-то_ действительно  стоюще",о,т,-,о,т,ч,SPRO,ЧТО-ТО,S n - acc sg,О
38390,,действительно,ДЕЙСТВИТЕЛЬНО,ADV -,,,""" рассказать что-то _действительно_  стоюще ",о,н,ь,л,е,т,ADV,ДЕЙСТВИТЕЛЬНО,ADV -,
38391,"<distinct form=""",,,,,,,,,,,,,,,,
38392,<dist>,стоюще,,,,,,,,,,,,,,,
38393,""">",,,,,,,,,,,,,,,,Ь
38394,,стоящее,СТОЯТЬ,PARTCP ipf inpraes acc sg plen n act -,,," стоюще  _стоящее_  , ",е,е,щ,я,о,т,PARTCP,СТОЯТЬ,PARTCP ipf inpraes acc sg plen n act -,
38395,</distinct>,,,,,,,,,,,,,,,,
38396,,",",",",PUNCT,,,,,,,,,,PUNCT,,,
38397,"<distinct form=""",,,,,,,,,,,,,,,,
38398,<dist>,тчнее,,,,,,,,,,,,,,,
38399,""">",,,,,,,,,,,,,,,,О
38400,,точнее,ТОЧНО,ADV comp,,, тчнее  _точнее_   стоюще,е,е,н,ч,о,т,ADV,ТОЧНО,ADV comp,
38401,</distinct>,,,,,,,,,,,,,,,,
38402,"<distinct form=""",,,,,,,,,,,,,,,,
38403,<dist>,стоюще,,,,,,,,,,,,,,,
38404,""">",,,,,,,,,,,,,,,,Ь
38405,,стоящее,СТОЯТЬ,PARTCP ipf inpraes acc sg plen n act -,,, стоюще  _стоящее_  я могу,е,е,щ,я,о,т,PARTCP,СТОЯТЬ,PARTCP ipf inpraes acc sg plen n act -,
38406,</distinct>,,,,,,,,,,,,,,,,Я
38407,,я,Я,SPRO sg 1p - nom,,," стоящее  _я_ могу рассказать ,",я,,,,,,SPRO,Я,SPRO sg 1p - nom,Ь
38408,,могу,МОЧЬ,V ipf act praes sg indic - 1p,,,"стоящее  я _могу_ рассказать , но",у,г,о,м,,,V,МОЧЬ,V ipf praes sg indic - 1p,Ь
38409,,рассказать,РАССКАЗАТЬ,V pf - - inf - -,,," я могу _рассказать_ , но -",ь,т,а,з,а,к,V,РАССКАЗАТЬ,V pf - - inf - -,
38410,,",",",",PUNCT,,,,,,,,,,PUNCT,,,О
38411,,но,НО,CONJ,,,"могу рассказать , _но_ - о это",о,н,,,,,CONJ,НО,CONJ,
38412,,-,-,PUNCT,,,,,,,,,,PUNCT,,,О
38413,,о,О,PR,,,", но - _о_ это будет мало",о,,,,,,PR,О,PR,О
38414,,это,ЭТО,SPRO n - nom sg,,,но - о _это_ будет мало относиться,о,т,э,,,,SPRO,ЭТО,S n - nom sg,Ь
38415,,будет,БЫТЬ,V ipf act fut sg indic - 3p,,,- о это _будет_ мало относиться ко,т,е,д,у,б,,V,БЫТЬ,V ipf praes sg indic - 3p,О
38416,,мало,МАЛО,ADV -,,,"о это будет _мало_ относиться ко """,о,л,а,м,,,ADV,МАЛО,ADV -,Я
38417,,относиться,ОТНОСИТЬСЯ,V ipf - - inf - -,,,"это будет мало _относиться_ ко "" Дню",я,с,ь,т,и,с,V,ОТНОСИТЬСЯ,V ipf - - inf - -,О
38418,,ко,КО,PR,,,"будет мало относиться _ко_ "" Дню Вышки",о,к,,,,,PR,КО,PR,
38419,,"""","""",PUNCT,,,,,,,,,,PUNCT,,,Ь
38420,,Дню,ДЕНЬ,S m inan dat sg,,,"относиться ко "" _Дню_ Вышки "" .",ю,н,д,,,,S,ДЕНЬ,S m inan dat sg,А
38421,,Вышки,ВЫШКА,S f inan gen sg,,,"ко "" Дню _Вышки_ "" . ",и,к,ш,ы,в,,S,ВЫШКА,S f inan acc pl,
38422,,"""","""",PUNCT,,,,,,,,,,PUNCT,,,
38423,,.,.,PUNCT,,,,,,,,,,PUNCT,,,
38424,,,,,,,,,,,,,,,,,
38425,# sent = 2854,,,,,,,,,,,,,,,,
38426,"<span class=""note"">",,,,,,,,,,,,,,,,
38427,<note>,во время вышеописанного монолога не смотрит в камеру,,,,,,,,,,,,,,,
38428,</span>,,,,,,,,,,,,,,,,А
38429,,Уток,УТКА,S f inan gen sg,,, во время вышеописанного монолога не смотрит в камеру  _Уток_ ловить - интересно,к,о,т,у,,,S,УТКА,S f inan nom sg,Ь
38430,,ловить,ЛОВИТЬ,V ipf - - inf - -,,,во время вышеописанного монолога не смотрит в камеру  Уток _ловить_ - интересно .,ь,т,и,в,о,л,V,ЛОВИТЬ,V ipf - - inf - -,
38431,,-,-,PUNCT,,,,,,,,,,PUNCT,,,Й
38432,,интересно,ИНТЕРЕСНЫЙ,A - - sg brev n -,,,Уток ловить - _интересно_ .  ,о,н,с,е,р,е,A,ИНТЕРЕСНЫЙ,A - - sg brev n -,
38433,,.,.,PUNCT,,,,,,,,,,PUNCT,,,
38434,,,,,,,,,,,,,,,,,
38435,# sent = 2855,,,,,,,,,,,,,,,,Ь
38436,,Рекомендую,РЕКОМЕНДОВАТЬ,V ipf act praes sg indic - 1p,,,.   _Рекомендую_ .  ,ю,у,д,н,е,м,V,РЕКОМЕНДОВАТЬ,V ipf praes sg indic - 1p,
38437,,.,.,PUNCT,,,,,,,,,,PUNCT,,,
38438,,,,,,,,,,,,,,,,,
38439,# sent = 2856,,,,,,,,,,,,,,,,
38440,# speaker = Я,,,,,,,,,,,,,,,,
38441,# sent = 2857,,,,,,,,,,,,,,,,
38442,"<span class=""note"">",,,,,,,,,,,,,,,,
38443,<note>,"странный звук (""шсш"")",,,,,,,,,,,,,,,
38444,</span>,,,,,,,,,,,,,,,,Й
38445,,Большое,БОЛЬШОЙ,A - nom sg plen n -,,," странный звук (""шсш"")  _Большое_ вам спасибо .",е,о,ш,ь,л,о,A,БОЛЬШОЙ,A - nom sg plen n -,Ы
38446,,вам,ВЫ,SPRO pl 2p - dat,,,"странный звук (""шсш"")  Большое _вам_ спасибо . ",м,а,в,,,,SPRO,ВЫ,SPRO pl 2p - dat,О
38447,,спасибо,СПАСИБО,S n inan nom sg,,, Большое вам _спасибо_ .  ,о,б,и,с,а,п,S,СПАСИБО,S n inan nonflex -,
38448,,.,.,PUNCT,,,,,,,,,,PUNCT,,,
38449,,,,,,,,,,,,,,,,,
38450,# sent = 2858,,,,,,,,,,,,,,,,А
38451,,Ааа,ААА,INTJ,,,.   _Ааа_ ...  ,а,а,а,,,,INTJ,ААА,S m inan nonflex -,
38452,,...,...,PUNCT,,,,,,,,,,PUNCT,,,
38453,,,,,,,,,,,,,,,,,
38454,# sent = 2859,,,,,,,,,,,,,,,,В
38455,,В,В,PR,,,...   _В_ целом  вздох,в,,,,,,PR,В,PR,Е
38456,,целом,ЦЕЛОЕ,S n inan loc sg,,,  В _целом_  вздох ,м,о,л,е,ц,,S,ЦЕЛОЕ,S n inan loc sg,
38457,"<span class=""note"">",,,,,,,,,,,,,,,,
38458,<note>,вздох,,,,,,,,,,,,,,,
38459,</span>,,,,,,,,,,,,,,,,
38460,,",",",",PUNCT,,,,,,,,,,PUNCT,,,Ы
38461,,вам,ВЫ,SPRO pl 2p - dat,,,"вздох  , _вам_ понравился опыт """,м,а,в,,,,SPRO,ВЫ,SPRO pl 2p - dat,Я
38462,,понравился,ПОНРАВИТЬСЯ,V pf act praet sg indic m -,,," , вам _понравился_ опыт "" Дня",я,с,л,и,в,а,V,ПОНРАВИТЬСЯ,V pf praet sg indic m -,Т
38463,,опыт,ОПЫТ,S m inan acc sg,,,", вам понравился _опыт_ "" Дня Вышки",т,ы,п,о,,,S,ОПЫТ,S m inan nom sg,
38464,,"""","""",PUNCT,,,,,,,,,,PUNCT,,,Ь
38465,,Дня,ДЕНЬ,S m inan gen sg,,,"понравился опыт "" _Дня_ Вышки "" ,",я,н,д,,,,S,ДЕНЬ,S m inan gen sg,А
38466,,Вышки,ВЫШКА,S f inan gen sg,,,"опыт "" Дня _Вышки_ "" , концерта",и,к,ш,ы,в,,S,ВЫШКА,S f inan acc pl,
38467,,"""","""",PUNCT,,,,,,,,,,PUNCT,,,
38468,,",",",",PUNCT,,,,,,,,,,PUNCT,,,Т
38469,,концерта,КОНЦЕРТ,S m inan gen sg,,,"Вышки "" , _концерта_ иии  впще",а,т,р,е,ц,н,S,КОНЦЕРТ,S m inan gen sg,И
38470,,иии,И,CONJ,distort,,""" , концерта _иии_  впще ",и,и,и,,,,CONJ,ИИИ,S m inan gen sg,
38471,"<distinct form=""",,,,,,,,,,,,,,,,
38472,<dist>,впще,,,,,,,,,,,,,,,
38473,""">",,,,,,,,,,,,,,,,Е
38474,,вообще,ВООБЩЕ,ADV -,,," впще  _вообще_  всего ,",е,щ,б,о,о,в,ADV,ВООБЩЕ,ADV -,
38475,</distinct>,,,,,,,,,,,,,,,,Е
38476,,всего,ВСЕ,S n - gen sg,,," вообще  _всего_ , что там",о,г,е,с,в,,S,ВСЕ,S n - gen sg,
38477,,",",",",PUNCT,,,,,,,,,,PUNCT,,,О
38478,,что,ЧТО,CONJ,,," всего , _что_ там было ,",о,т,ч,,,,CONJ,ЧТО,CONJ,М
38479,,там,ТАМ,ADV -,,,"всего , что _там_ было , и",м,а,т,,,,ADV,ТАМ,ADV -,Ь
38480,,было,БЫТЬ,V ipf act praet sg indic n -,,,", что там _было_ , и хотели",о,л,ы,б,,,V,БЫТЬ,V ipf praet sg indic n -,
38481,,",",",",PUNCT,,,,,,,,,,PUNCT,,,И
38482,,и,И,CONJ,,,"там было , _и_ хотели бы вы",и,,,,,,CONJ,И,CONJ,Ь
38483,,хотели,ХОТЕТЬ,V ipf act praet pl indic - -,,,"было , и _хотели_ бы вы ",и,л,е,т,о,х,V,ХОТЕТЬ,V ipf praet pl indic - -,Ы
38484,,бы,БЫ,PART,,,", и хотели _бы_ вы  пфтрить",ы,б,,,,,PART,БЫ,PART,Ы
38485,,вы,ВЫ,SPRO pl 2p - nom,,,и хотели бы _вы_  пфтрить ,ы,в,,,,,SPRO,ВЫ,SPRO pl 2p - nom,
38486,"<distinct form=""",,,,,,,,,,,,,,,,
38487,<dist>,пфтрить,,,,,,,,,,,,,,,
38488,""">",,,,,,,,,,,,,,,,Ь
38489,,повторить,ПОВТОРИТЬ,V pf - - inf - -,,, пфтрить  _повторить_  это ...,ь,т,и,р,о,т,V,ПОВТОРИТЬ,V pf - - inf - -,
38490,</distinct>,,,,,,,,,,,,,,,,О
38491,,это,ЭТО,SPRO n - acc sg,,, повторить  _это_ ... в будущем,о,т,э,,,,SPRO,ЭТО,PART,
38492,,...,...,PUNCT,,,,,,,,,,PUNCT,,,В
38493,,в,В,PR,,, это ... _в_ будущем  тихо,в,,,,,,PR,В,PR,Е
38494,,будущем,БУДУЩЕЕ,S n inan loc sg,,,это ... в _будущем_  тихо ,м,е,щ,у,д,у,S,БУДУЩЕЕ,S n inan loc sg,
38495,"<span class=""note"">",,,,,,,,,,,,,,,,
38496,<note>,тихо,,,,,,,,,,,,,,,
38497,</span>,,,,,,,,,,,,,,,,
38498,,?,?,PUNCT,,,,,,,,,,PUNCT,,,
38499,,,,,,,,,,,,,,,,,
38500,# sent = 2860,,,,,,,,,,,,,,,,
38501,# speaker = Роман,,,,,,,,,,,,,,,,
38502,# sent = 2861,,,,,,,,,,,,,,,,Е
38503,,Не,НЕ,PART,,,   _Не_ знаю насчёт повторить,е,н,,,,,PART,НЕ,PART,Ь
38504,,знаю,ЗНАТЬ,V ipf act praes sg indic - 1p,,,  Не _знаю_ насчёт повторить .,ю,а,н,з,,,V,ЗНАТЬ,V ipf praes sg indic - 1p,Т
38505,,насчёт,НАСЧЕТ,PR,,, Не знаю _насчёт_ повторить . ,т,ё,ч,с,а,н,PR,НАСЧЕТ,PR,Ь
38506,,повторить,ПОВТОРИТЬ,V pf - - inf - -,,,Не знаю насчёт _повторить_ .  ,ь,т,и,р,о,т,V,ПОВТОРИТЬ,V pf - - inf - -,
38507,,.,.,PUNCT,,,,,,,,,,PUNCT,,,
38508,,,,,,,,,,,,,,,,,
38509,# sent = 2862,,,,,,,,,,,,,,,,
38510,"<distinct form=""",,,,,,,,,,,,,,,,
38511,<dist>,Кда,,,,,,,,,,,,,,,
38512,""">",,,,,,,,,,,,,,,,А
38513,,когда,КОГДА,CONJ,,, Кда  _когда_  что-то повторяешь,а,д,г,о,к,,CONJ,КОГДА,CONJ,
38514,</distinct>,,,,,,,,,,,,,,,,О
38515,,что-то,ЧТО-ТО,SPRO n inan nom sg,,," когда  _что-то_ повторяешь , это",о,т,-,о,т,ч,SPRO,ЧТО-ТО,S n - nom sg,Ь
38516,,повторяешь,ПОВТОРЯТЬ,V ipf act praes sg indic - 2p,,,"когда  что-то _повторяешь_ , это становится",ь,ш,е,я,р,о,V,ПОВТОРЯТЬ,V ipf praes sg indic - 2p,
38517,,",",",",PUNCT,,,,,,,,,,PUNCT,,,О
38518,,это,ЭТО,SPRO n - nom sg,,,"что-то повторяешь , _это_ становится  уш",о,т,э,,,,SPRO,ЭТО,S n - nom sg,Я
38519,,становится,СТАНОВИТЬСЯ,V ipf act praes sg indic - 3p,,,"повторяешь , это _становится_  уш ",я,с,т,и,в,о,V,СТАНОВИТЬСЯ,V ipf praes sg indic - 3p,
38520,"<distinct form=""",,,,,,,,,,,,,,,,
38521,<dist>,уш,,,,,,,,,,,,,,,
38522,""">",,,,,,,,,,,,,,,,Е
38523,,уже,УЖЕ,ADV -,,, уш  _уже_  не таким,е,ж,у,,,,ADV,УЖЕ,ADV -,
38524,</distinct>,,,,,,,,,,,,,,,,Е
38525,,не,НЕ,PART,,, уже  _не_ таким весёлым как,е,н,,,,,PART,НЕ,PART,Й
38526,,таким,ТАКОЙ,APRO - ins sg plen m -,,,уже  не _таким_ весёлым как в,м,и,к,а,т,,APRO,ТАКОЙ,A - ins sg plen m -,Й
38527,,весёлым,ВЕСЕЛЫЙ,A - ins sg plen m -,,, не таким _весёлым_ как в первый,м,ы,л,ё,с,е,A,ВЕСЕЛЫЙ,A - ins sg plen m -,К
38528,,как,КАК,CONJ,,,не таким весёлым _как_ в первый раз,к,а,к,,,,CONJ,КАК,CONJ,В
38529,,в,В,PR,,,"таким весёлым как _в_ первый раз ,",в,,,,,,PR,В,PR,Й
38530,,первый,ПЕРВЫЙ,ANUM - acc sg plen m inan,,,"весёлым как в _первый_ раз , но",й,ы,в,р,е,п,A,ПЕРВЫЙ,A - acc sg plen m inan,З
38531,,раз,РАЗ,S m inan acc sg,,,"как в первый _раз_ , но -",з,а,р,,,,S,РАЗ,S m inan acc sg,
38532,,",",",",PUNCT,,,,,,,,,,PUNCT,,,О
38533,,но,НО,CONJ,,,"первый раз , _но_ - о вчера",о,н,,,,,CONJ,НО,CONJ,
38534,,-,-,PUNCT,,,,,,,,,,PUNCT,,,О
38535,,о,О,NONLEX,,,", но - _о_ вчера мне определённо",о,,,,,,PR,О,PR,А
38536,,вчера,ВЧЕРА,ADV -,,,но - о _вчера_ мне определённо понравилось,а,р,е,ч,в,,ADV,ВЧЕРА,ADV -,Я
38537,,мне,Я,SPRO sg 1p - dat,,,"- о вчера _мне_ определённо понравилось ,",е,н,м,,,,SPRO,Я,SPRO sg 1p - dat,О
38538,,определённо,ОПРЕДЕЛЕННО,ADV -,,,"о вчера мне _определённо_ понравилось , был",о,н,н,ё,л,е,ADV,ОПРЕДЕЛЕННО,ADV -,Я
38539,,понравилось,ПОНРАВИТЬСЯ,V pf act praet sg indic n -,,,"вчера мне определённо _понравилось_ , был хороший",ь,с,о,л,и,в,V,ПОНРАВИТЬСЯ,V pf praet sg indic n -,
38540,,",",",",PUNCT,,,,,,,,,,PUNCT,,,Ь
38541,,был,БЫТЬ,V ipf act praet sg indic m -,,,"определённо понравилось , _был_ хороший день ,",л,ы,б,,,,V,БЫТЬ,V ipf praet sg indic m -,Й
38542,,хороший,ХОРОШИЙ,A - nom sg plen m -,,,"понравилось , был _хороший_ день , я",й,и,ш,о,р,о,A,ХОРОШИЙ,A - nom sg plen m -,Ь
38543,,день,ДЕНЬ,S m inan nom sg,,,", был хороший _день_ , я приехал",ь,н,е,д,,,S,ДЕНЬ,S m inan nom sg,
38544,,",",",",PUNCT,,,,,,,,,,PUNCT,,,Я
38545,,я,Я,SPRO sg 1p - nom,,,"хороший день , _я_ приехал домой ",я,,,,,,SPRO,Я,SPRO sg 1p - nom,Ь
38546,,приехал,ПРИЕХАТЬ,V pf act praet sg indic m -,,,"день , я _приехал_ домой  щсливым",л,а,х,е,и,р,V,ПРИЕХАТЬ,V pf praet sg indic m -,Й
38547,,домой,ДОМОЙ,ADV -,,,", я приехал _домой_  щсливым ",й,о,м,о,д,,ADV,ДОМОЙ,ADV -,
38548,"<distinct form=""",,,,,,,,,,,,,,,,
38549,<dist>,щсливым,,,,,,,,,,,,,,,
38550,""">",,,,,,,,,,,,,,,,Й
38551,,счастливым,СЧАСТЛИВЫЙ,A - ins sg plen m -,,, щсливым  _счастливым_  ... такое,м,ы,в,и,л,т,A,СЧАСТЛИВЫЙ,A - ins sg plen m -,
38552,</distinct>,,,,,,,,,,,,,,,,
38553,,...,...,PUNCT,,,,,,,,,,PUNCT,,,Й
38554,,такое,ТАКОЙ,APRO - nom sg plen n -,,,счастливым  ... _такое_ бывает очень редко,е,о,к,а,т,,APRO,ТАКОЙ,A - nom sg plen n -,Ь
38555,,бывает,БЫВАТЬ,V ipf act praes sg indic - 3p,,, ... такое _бывает_ очень редко .,т,е,а,в,ы,б,V,БЫВАТЬ,V ipf praes sg indic - 3p,Ь
38556,,очень,ОЧЕНЬ,ADV -,,,... такое бывает _очень_ редко . ,ь,н,е,ч,о,,ADV,ОЧЕНЬ,ADV -,О
38557,,редко,РЕДКО,ADV -,,,такое бывает очень _редко_ .  ,о,к,д,е,р,,ADV,РЕДКО,ADV -,
38558,,.,.,PUNCT,,,,,,,,,,PUNCT,,,
38559,,,,,,,,,,,,,,,,,
38560,# sent = 2863,,,,,,,,,,,,,,,,Е
38561,,Не,НЕ,PART,,,".   _Не_ помню , ",е,н,,,,,PART,НЕ,PART,Ь
38562,,помню,ПОМНИТЬ,V ipf act praes sg indic - 1p,,,"  Не _помню_ ,  коакт",ю,н,м,о,п,,V,ПОМНИТЬ,V ipf praes sg indic - 1p,
38563,,",",",",PUNCT,,,,,,,,,,PUNCT,,,
38564,"<distinct form=""",,,,,,,,,,,,,,,,
38565,<dist>,коакт,,,,,,,,,,,,,,,
38566,""">",,,,,,,,,,,,,,,,А
38567,,когда,КОГДА,CONJ,,, коакт  _когда_   такое,а,д,г,о,к,,CONJ,КОГДА,CONJ,
38568,</distinct>,,,,,,,,,,,,,,,,
38569,<noindex>[нрзб]</noindex>,,,,,,,,,,,,,,,,Й
38570,,такое,ТАКОЙ,APRO - nom sg plen n -,,,когда   _такое_ было в последний,е,о,к,а,т,,APRO,ТАКОЙ,A - nom sg plen n -,Ь
38571,,было,БЫТЬ,V ipf act praet sg indic n -,,,  такое _было_ в последний раз,о,л,ы,б,,,V,БЫТЬ,V ipf praet sg indic n -,В
38572,,в,В,PR,,, такое было _в_ последний раз ,в,,,,,,PR,В,PR,Й
38573,,последний,ПОСЛЕДНИЙ,A - acc sg plen m inan,,,такое было в _последний_ раз  впще,й,и,н,д,е,л,A,ПОСЛЕДНИЙ,A - acc sg plen m inan,З
38574,,раз,РАЗ,S m inan acc sg,,,было в последний _раз_  впще ,з,а,р,,,,S,РАЗ,S m inan acc sg,
38575,"<distinct form=""",,,,,,,,,,,,,,,,
38576,<dist>,впще,,,,,,,,,,,,,,,
38577,""">",,,,,,,,,,,,,,,,Е
38578,,вообще,ВООБЩЕ,ADV -,,, впще  _вообще_  . ,е,щ,б,о,о,в,ADV,ВООБЩЕ,ADV -,
38579,</distinct>,,,,,,,,,,,,,,,,
38580,,.,.,PUNCT,,,,,,,,,,PUNCT,,,
38581,,,,,,,,,,,,,,,,,
38582,# sent = 2864,,,,,,,,,,,,,,,,
38583,# speaker = Я,,,,,,,,,,,,,,,,
38584,# sent = 2865,,,,,,,,,,,,,,,,О
38585,,Спасибо,СПАСИБО,PRAEDIC,,,   _Спасибо_ вам большое за,о,б,и,с,а,п,PRAEDIC,СПАСИБО,PRAEDIC,Ы
38586,,вам,ВЫ,SPRO pl 2p - dat,,,  Спасибо _вам_ большое за интервью,м,а,в,,,,SPRO,ВЫ,SPRO pl 2p - dat,Й
38587,,большое,БОЛЬШОЙ,A - nom sg plen n -,,," Спасибо вам _большое_ за интервью ,",е,о,ш,ь,л,о,A,БОЛЬШОЙ,A - nom sg plen n -,А
38588,,за,ЗА,PR,,,"Спасибо вам большое _за_ интервью , Роман",а,з,,,,,PR,ЗА,PR,Ю
38589,,интервью,ИНТЕРВЬЮ,S n inan acc sg,,,"вам большое за _интервью_ , Роман .",ю,ь,в,р,е,т,S,ИНТЕРВЬЮ,S n inan acc sg,
38590,,",",",",PUNCT,,,,,,,,,,PUNCT,,,Н
38591,,Роман,РОМАН,S m anim nom sg persn,,,"за интервью , _Роман_ .  ",н,а,м,о,р,,S,РОМАН,S m anim nom sg,
38592,,.,.,PUNCT,,,,,,,,,,PUNCT,,,